image_path,split,gt_plate,pred_plate,model,notes
data/raw/images/AADY1439.JPG,unlabeled,,,,
data/raw/images/ACDW3269.JPG,unlabeled,,,,
data/raw/images/ACTC3767.JPG,unlabeled,,,,
data/raw/images/ACTN9514.JPG,unlabeled,,,,
data/raw/images/AFOL6295.JPG,unlabeled,,,,
data/raw/images/AGYR0820.JPG,unlabeled,,,,
data/raw/images/AIIR5852.JPG,unlabeled,,,,
data/raw/images/ANHZ2961.JPG,unlabeled,,,,
data/raw/images/AOUD0781.JPG,unlabeled,,,,
data/raw/images/APLF8526.JPG,unlabeled,,,,
data/raw/images/AVOD5031.JPG,unlabeled,,,,
data/raw/images/AVZG5105.JPG,unlabeled,,,,
data/raw/images/AXRG6268.JPG,unlabeled,,,,
data/raw/images/AYZI9349.JPG,unlabeled,,,,
data/raw/images/BASW2138.JPG,unlabeled,,,,
data/raw/images/BDTW3847.JPG,unlabeled,,,,
data/raw/images/BFHM0220.JPG,unlabeled,,,,
data/raw/images/BFXL1396.JPG,unlabeled,,,,
data/raw/images/BJTN4725.JPG,unlabeled,,,,
data/raw/images/BJXM9659.JPG,unlabeled,,,,
data/raw/images/BMDI6736.JPG,unlabeled,,,,
data/raw/images/BMIP5927.JPG,unlabeled,,,,
data/raw/images/BNBV2021.JPG,unlabeled,,,,
data/raw/images/BNLA8507.JPG,unlabeled,,,,
data/raw/images/BSHB9072.JPG,unlabeled,,,,
data/raw/images/BULR2765.JPG,unlabeled,,,,
data/raw/images/BWSC4946.JPG,unlabeled,,,,
data/raw/images/BXMI3987.JPG,unlabeled,,,,
data/raw/images/BYEM0010.JPG,unlabeled,,,,
data/raw/images/BZJE5488.JPG,unlabeled,,,,
data/raw/images/CAKK2087.JPG,unlabeled,,,,
data/raw/images/CHEX2817.JPG,unlabeled,,,,
data/raw/images/CILW4845.JPG,unlabeled,,,,
data/raw/images/CJQW7021.JPG,unlabeled,,,,
data/raw/images/CKKQ3814.JPG,unlabeled,,,,
data/raw/images/CKTE4503.JPG,unlabeled,,,,
data/raw/images/CKXC5363.JPG,unlabeled,,,,
data/raw/images/CMCV2581.JPG,unlabeled,,,,
data/raw/images/CNDU2619.JPG,unlabeled,,,,
data/raw/images/CNWO4361.JPG,unlabeled,,,,
data/raw/images/CRLX8713.JPG,unlabeled,,,,
data/raw/images/CRPK9198.JPG,unlabeled,,,,
data/raw/images/CRQH9284.JPG,unlabeled,,,,
data/raw/images/CSCT5012.JPG,unlabeled,,,,
data/raw/images/CWEP1918.JPG,unlabeled,,,,
data/raw/images/CWJQ2741.JPG,unlabeled,,,,
data/raw/images/CWTK4502.JPG,unlabeled,,,,
data/raw/images/DAWT2074.JPG,unlabeled,,,,
data/raw/images/DBOS5668.JPG,unlabeled,,,,
data/raw/images/DCCN8612.JPG,unlabeled,,,,
data/raw/images/DCDH1816.JPG,unlabeled,,,,
data/raw/images/DDKB1853.JPG,unlabeled,,,,
data/raw/images/DGQQ7147.JPG,unlabeled,,,,
data/raw/images/DKYG9978.JPG,unlabeled,,,,
data/raw/images/DNHQ5598.JPG,unlabeled,,,,
data/raw/images/DNNX0602.JPG,unlabeled,,,,
data/raw/images/DNQD9798.JPG,unlabeled,,,,
data/raw/images/DNVC4262.JPG,unlabeled,,,,
data/raw/images/DRIU7806.JPG,unlabeled,,,,
data/raw/images/DRWB5971.JPG,unlabeled,,,,
data/raw/images/DRXX0387.JPG,unlabeled,,,,
data/raw/images/DTDQ2520.JPG,unlabeled,,,,
data/raw/images/DUDJ4805.JPG,unlabeled,,,,
data/raw/images/DULH0250.JPG,unlabeled,,,,
data/raw/images/DXAT8629.JPG,unlabeled,,,,
data/raw/images/EAYA7781.JPG,unlabeled,,,,
data/raw/images/EBOE6110.JPG,unlabeled,,,,
data/raw/images/EDAZ4811.JPG,unlabeled,,,,
data/raw/images/EFYZ2690.JPG,unlabeled,,,,
data/raw/images/EHOS9732.JPG,unlabeled,,,,
data/raw/images/EOEU9850.JPG,unlabeled,,,,
data/raw/images/EPNH8027.JPG,unlabeled,,,,
data/raw/images/ERRS1255.JPG,unlabeled,,,,
data/raw/images/ETGV9921.JPG,unlabeled,,,,
data/raw/images/EVGF1550.JPG,unlabeled,,,,
data/raw/images/EWIK3409.JPG,unlabeled,,,,
data/raw/images/EWRP1426.JPG,unlabeled,,,,
data/raw/images/EWUY8609.JPG,unlabeled,,,,
data/raw/images/EXHN0135.JPG,unlabeled,,,,
data/raw/images/FCEP6165.JPG,unlabeled,,,,
data/raw/images/FCXM6610.JPG,unlabeled,,,,
data/raw/images/FCXU3376.JPG,unlabeled,,,,
data/raw/images/FEED1139.JPG,unlabeled,,,,
data/raw/images/FFBU6828.JPG,unlabeled,,,,
data/raw/images/FGVZ2337.JPG,unlabeled,,,,
data/raw/images/FLER7783.JPG,unlabeled,,,,
data/raw/images/FNJF5326.JPG,unlabeled,,,,
data/raw/images/FONQ0592.JPG,unlabeled,,,,
data/raw/images/FRKA4688.JPG,unlabeled,,,,
data/raw/images/FRRX1834.JPG,unlabeled,,,,
data/raw/images/FTJS7248.JPG,unlabeled,,,,
data/raw/images/FTQQ3016.JPG,unlabeled,,,,
data/raw/images/FYNS2126.JPG,unlabeled,,,,
data/raw/images/FYNX8191.JPG,unlabeled,,,,
data/raw/images/GBZP4086.JPG,unlabeled,,,,
data/raw/images/GCFY7162.JPG,unlabeled,,,,
data/raw/images/GCTL0660.JPG,unlabeled,,,,
data/raw/images/GDAR2393.JPG,unlabeled,,,,
data/raw/images/GDEP1911.JPG,unlabeled,,,,
data/raw/images/GDQO6562.JPG,unlabeled,,,,
data/raw/images/GKHS4722.JPG,unlabeled,,,,
data/raw/images/GLJM5916.JPG,unlabeled,,,,
data/raw/images/GLZC0584.JPG,unlabeled,,,,
data/raw/images/GMFJ5810.JPG,unlabeled,,,,
data/raw/images/GRAH8224.JPG,unlabeled,,,,
data/raw/images/GRQB4973.JPG,unlabeled,,,,
data/raw/images/GTPF7122.JPG,unlabeled,,,,
data/raw/images/GVAI6392.JPG,unlabeled,,,,
data/raw/images/GWHU1570.JPG,unlabeled,,,,
data/raw/images/GXYJ6133.JPG,unlabeled,,,,
data/raw/images/GYAM6091.JPG,unlabeled,,,,
data/raw/images/HAEC6164.JPG,unlabeled,,,,
data/raw/images/HALB7726.JPG,unlabeled,,,,
data/raw/images/HATN4008.JPG,unlabeled,,,,
data/raw/images/HBLT9172.JPG,unlabeled,,,,
data/raw/images/HBYW7787.JPG,unlabeled,,,,
data/raw/images/HCPX2930.JPG,unlabeled,,,,
data/raw/images/HDQR8113.JPG,unlabeled,,,,
data/raw/images/HDXX6332.JPG,unlabeled,,,,
data/raw/images/HERM9989.JPG,unlabeled,,,,
data/raw/images/HEWV4654.JPG,unlabeled,,,,
data/raw/images/HGNT2860.JPG,unlabeled,,,,
data/raw/images/HGTL8290.JPG,unlabeled,,,,
data/raw/images/HGZS1157.JPG,unlabeled,,,,
data/raw/images/HHNC2761.JPG,unlabeled,,,,
data/raw/images/HHSJ9308.JPG,unlabeled,,,,
data/raw/images/HIEZ9193.JPG,unlabeled,,,,
data/raw/images/HINX0801.JPG,unlabeled,,,,
data/raw/images/HKBE7743.JPG,unlabeled,,,,
data/raw/images/HKMR6140.JPG,unlabeled,,,,
data/raw/images/HLZS6342.JPG,unlabeled,,,,
data/raw/images/HMDV5116.JPG,unlabeled,,,,
data/raw/images/HMFC5641.JPG,unlabeled,,,,
data/raw/images/HQOL4116.JPG,unlabeled,,,,
data/raw/images/HQQD5161.JPG,unlabeled,,,,
data/raw/images/HSAU2621.JPG,unlabeled,,,,
data/raw/images/HTCE0149.JPG,unlabeled,,,,
data/raw/images/HUHE7182.JPG,unlabeled,,,,
data/raw/images/HUQT8256.JPG,unlabeled,,,,
data/raw/images/HVHU4549.JPG,unlabeled,,,,
data/raw/images/HYKA5771.JPG,unlabeled,,,,
data/raw/images/HYQW8258.JPG,unlabeled,,,,
data/raw/images/IBQC5381.JPG,unlabeled,,,,
data/raw/images/IDQF1274.JPG,unlabeled,,,,
data/raw/images/IECB5011.JPG,unlabeled,,,,
data/raw/images/IGFB7651.JPG,unlabeled,,,,
data/raw/images/IGWP6724.JPG,unlabeled,,,,
data/raw/images/IIJW1952.JPG,unlabeled,,,,
data/raw/images/IJSC6044.JPG,unlabeled,,,,
data/raw/images/IKFP1040.JPG,unlabeled,,,,
data/raw/images/IMAM8710.JPG,unlabeled,,,,
data/raw/images/IMEB6778.JPG,unlabeled,,,,
data/raw/images/IMG_5381.JPG,unlabeled,,,,
data/raw/images/IMG_5382.JPG,unlabeled,,,,
data/raw/images/IMG_5818.JPG,unlabeled,,,,
data/raw/images/IMG_6244.JPG,unlabeled,,,,
data/raw/images/INLU3884.JPG,unlabeled,,,,
data/raw/images/IPC_2025-08-08.11.04.22.0190.jpg,unlabeled,,,,
data/raw/images/IPC_2025-08-08.11.04.49.3190.jpg,unlabeled,,,,
data/raw/images/IPC_2025-08-08.11.04.52.8490.jpg,unlabeled,,,,
data/raw/images/IPC_2025-08-08.11.05.06.7380.jpg,unlabeled,,,,
data/raw/images/IPC_2025-08-08.11.05.23.6680.jpg,unlabeled,,,,
data/raw/images/IPC_2025-08-08.11.05.30.6380.jpg,unlabeled,,,,
data/raw/images/IPC_2025-08-08.11.05.40.4230.jpg,unlabeled,,,,
data/raw/images/IPC_2025-08-08.11.05.58.7730.jpg,unlabeled,,,,
data/raw/images/IPC_2025-08-08.11.06.04.1429.jpg,unlabeled,,,,
data/raw/images/IPC_2025-08-08.11.06.11.1040.jpg,unlabeled,,,,
data/raw/images/IPC_2025-08-08.11.06.24.5649.jpg,unlabeled,,,,
data/raw/images/IPC_2025-08-08.11.06.33.1450.jpg,unlabeled,,,,
data/raw/images/IPC_2025-08-08.11.07.02.9400.jpg,unlabeled,,,,
data/raw/images/IPC_2025-08-08.11.07.07.4300.jpg,unlabeled,,,,
data/raw/images/IPC_2025-08-08.11.07.11.2740.jpg,unlabeled,,,,
data/raw/images/IPC_2025-08-08.11.07.17.2580.jpg,unlabeled,,,,
data/raw/images/IPC_2025-08-08.11.07.22.2510.jpg,unlabeled,,,,
data/raw/images/IPC_2025-08-08.11.07.27.9190.jpg,unlabeled,,,,
data/raw/images/IPC_2025-08-08.11.07.31.7910.jpg,unlabeled,,,,
data/raw/images/IPC_2025-08-08.11.07.34.7630.jpg,unlabeled,,,,
data/raw/images/IPC_2025-08-08.11.07.38.7630.jpg,unlabeled,,,,
data/raw/images/IPC_2025-08-08.11.07.55.8840.jpg,unlabeled,,,,
data/raw/images/IPC_2025-08-08.11.08.01.7550.jpg,unlabeled,,,,
data/raw/images/IPC_2025-08-08.11.08.22.6300.jpg,unlabeled,,,,
data/raw/images/IPC_2025-08-08.11.08.32.2010.jpg,unlabeled,,,,
data/raw/images/IPC_2025-08-08.11.08.57.5060.jpg,unlabeled,,,,
data/raw/images/IPC_2025-08-08.11.09.13.8510.jpg,unlabeled,,,,
data/raw/images/IPC_2025-08-08.11.09.17.4290.jpg,unlabeled,,,,
data/raw/images/IPC_2025-08-08.11.09.23.9190.jpg,unlabeled,,,,
data/raw/images/IPC_2025-08-08.11.09.29.0330.jpg,unlabeled,,,,
data/raw/images/IPC_2025-08-08.11.09.34.5770.jpg,unlabeled,,,,
data/raw/images/IPC_2025-08-08.11.09.36.6850.jpg,unlabeled,,,,
data/raw/images/IPC_2025-08-08.11.09.40.8200.jpg,unlabeled,,,,
data/raw/images/IPC_2025-08-08.11.09.44.8720.jpg,unlabeled,,,,
data/raw/images/IPC_2025-08-08.11.09.58.5260.jpg,unlabeled,,,,
data/raw/images/IPC_2025-08-08.11.10.07.2150.jpg,unlabeled,,,,
data/raw/images/IPC_2025-08-08.11.10.13.6500.jpg,unlabeled,,,,
data/raw/images/IPC_2025-08-08.11.10.13.7500.jpg,unlabeled,,,,
data/raw/images/IPC_2025-08-08.11.10.19.7780.jpg,unlabeled,,,,
data/raw/images/IPC_2025-08-08.11.10.40.1140.jpg,unlabeled,,,,
data/raw/images/IPC_2025-08-08.11.10.45.9400.jpg,unlabeled,,,,
data/raw/images/IPC_2025-08-08.11.10.49.1140.jpg,unlabeled,,,,
data/raw/images/IPC_2025-08-08.11.10.54.8970.jpg,unlabeled,,,,
data/raw/images/IPC_2025-08-08.11.10.58.8240.jpg,unlabeled,,,,
data/raw/images/IPC_2025-08-08.11.11.03.4150.jpg,unlabeled,,,,
data/raw/images/IPC_2025-08-08.11.11.06.8510.jpg,unlabeled,,,,
data/raw/images/IPC_2025-08-08.11.11.23.0080.jpg,unlabeled,,,,
data/raw/images/IPC_2025-08-08.11.11.27.8110.jpg,unlabeled,,,,
data/raw/images/IPC_2025-08-08.11.11.35.6390.jpg,unlabeled,,,,
data/raw/images/IPC_2025-08-08.11.11.39.0490.jpg,unlabeled,,,,
data/raw/images/IPC_2025-08-08.11.11.43.8880.jpg,unlabeled,,,,
data/raw/images/IPC_2025-08-08.11.12.18.9610.jpg,unlabeled,,,,
data/raw/images/IPC_2025-08-08.11.12.23.9330.jpg,unlabeled,,,,
data/raw/images/IPC_2025-08-08.11.12.27.1130.jpg,unlabeled,,,,
data/raw/images/IPC_2025-08-08.11.12.31.3469.jpg,unlabeled,,,,
data/raw/images/IPC_2025-08-08.11.12.35.1560.jpg,unlabeled,,,,
data/raw/images/IPC_2025-08-08.11.12.38.2450.jpg,unlabeled,,,,
data/raw/images/IPC_2025-08-08.11.12.48.2990.jpg,unlabeled,,,,
data/raw/images/IPC_2025-08-08.11.12.59.7720.jpg,unlabeled,,,,
data/raw/images/IPC_2025-08-08.11.13.04.4240.jpg,unlabeled,,,,
data/raw/images/IPC_2025-08-08.11.13.10.1409.jpg,unlabeled,,,,
data/raw/images/IPC_2025-08-08.11.13.16.1000.jpg,unlabeled,,,,
data/raw/images/IPC_2025-08-08.11.13.24.1930.jpg,unlabeled,,,,
data/raw/images/IPC_2025-08-08.11.13.28.4710.jpg,unlabeled,,,,
data/raw/images/IPC_2025-08-08.11.13.37.7450.jpg,unlabeled,,,,
data/raw/images/IPC_2025-08-08.11.14.04.9500.jpg,unlabeled,,,,
data/raw/images/IPC_2025-08-08.11.14.09.5330.jpg,unlabeled,,,,
data/raw/images/IPC_2025-08-08.11.14.11.9410.jpg,unlabeled,,,,
data/raw/images/IPC_2025-08-08.11.14.16.3410.jpg,unlabeled,,,,
data/raw/images/IPC_2025-08-08.11.14.20.1770.jpg,unlabeled,,,,
data/raw/images/IPC_2025-08-08.11.14.23.8110.jpg,unlabeled,,,,
data/raw/images/IPC_2025-08-08.11.14.37.6929.jpg,unlabeled,,,,
data/raw/images/IPC_2025-08-08.11.14.46.8169.jpg,unlabeled,,,,
data/raw/images/IPC_2025-08-08.11.14.56.1130.jpg,unlabeled,,,,
data/raw/images/IPC_2025-08-08.11.15.04.0300.jpg,unlabeled,,,,
data/raw/images/IPC_2025-08-08.11.15.13.3920.jpg,unlabeled,,,,
data/raw/images/IPC_2025-08-08.11.15.17.8020.jpg,unlabeled,,,,
data/raw/images/IPC_2025-08-08.11.15.21.7130.jpg,unlabeled,,,,
data/raw/images/IPC_2025-08-08.11.15.47.9630.jpg,unlabeled,,,,
data/raw/images/IPC_2025-08-08.11.15.51.9690.jpg,unlabeled,,,,
data/raw/images/IPC_2025-08-08.11.15.54.0190.jpg,unlabeled,,,,
data/raw/images/IPC_2025-08-08.11.15.58.4590.jpg,unlabeled,,,,
data/raw/images/IPC_2025-08-08.11.16.03.1820.jpg,unlabeled,,,,
data/raw/images/IPC_2025-08-08.11.16.07.9280.jpg,unlabeled,,,,
data/raw/images/IPC_2025-08-08.11.16.32.7830.jpg,unlabeled,,,,
data/raw/images/IPC_2025-08-08.11.16.40.0690.jpg,unlabeled,,,,
data/raw/images/IPC_2025-08-08.11.16.44.1700.jpg,unlabeled,,,,
data/raw/images/IPC_2025-08-08.11.16.49.7980.jpg,unlabeled,,,,
data/raw/images/IPC_2025-08-08.11.17.01.4630.jpg,unlabeled,,,,
data/raw/images/IPC_2025-08-08.11.17.12.3040.jpg,unlabeled,,,,
data/raw/images/IPC_2025-08-08.11.17.25.4710.jpg,unlabeled,,,,
data/raw/images/IPC_2025-08-08.11.17.40.4160.jpg,unlabeled,,,,
data/raw/images/IPC_2025-08-08.11.17.44.9110.jpg,unlabeled,,,,
data/raw/images/IPC_2025-08-08.11.17.47.7460.jpg,unlabeled,,,,
data/raw/images/IPC_2025-08-08.11.18.15.0690.jpg,unlabeled,,,,
data/raw/images/IPC_2025-08-08.11.18.56.9010.jpg,unlabeled,,,,
data/raw/images/IPC_2025-08-08.11.18.59.8630.jpg,unlabeled,,,,
data/raw/images/IPC_2025-08-08.11.19.08.2890.jpg,unlabeled,,,,
data/raw/images/IPC_2025-08-08.11.19.13.6520.jpg,unlabeled,,,,
data/raw/images/IPC_2025-08-08.11.19.23.7210.jpg,unlabeled,,,,
data/raw/images/IPC_2025-08-08.11.20.07.6670.jpg,unlabeled,,,,
data/raw/images/IPC_2025-08-08.11.20.10.7760.jpg,unlabeled,,,,
data/raw/images/IPC_2025-08-08.11.20.13.2810.jpg,unlabeled,,,,
data/raw/images/IPC_2025-08-08.11.20.13.5470.jpg,unlabeled,,,,
data/raw/images/IPC_2025-08-08.11.20.17.4980.jpg,unlabeled,,,,
data/raw/images/IPC_2025-08-08.11.20.23.6600.jpg,unlabeled,,,,
data/raw/images/IPC_2025-08-08.11.20.30.9300.jpg,unlabeled,,,,
data/raw/images/IPC_2025-08-08.11.20.39.2620.jpg,unlabeled,,,,
data/raw/images/IPC_2025-08-08.11.21.07.6030.jpg,unlabeled,,,,
data/raw/images/IPC_2025-08-08.11.21.13.3710.jpg,unlabeled,,,,
data/raw/images/IPC_2025-08-08.11.21.18.8500.jpg,unlabeled,,,,
data/raw/images/IPC_2025-08-08.11.21.24.5530.jpg,unlabeled,,,,
data/raw/images/IPC_2025-08-08.11.21.28.8430.jpg,unlabeled,,,,
data/raw/images/IPC_2025-08-08.11.21.29.7170.jpg,unlabeled,,,,
data/raw/images/IPC_2025-08-08.11.21.32.5360.jpg,unlabeled,,,,
data/raw/images/IPC_2025-08-08.11.21.34.4310.jpg,unlabeled,,,,
data/raw/images/IPC_2025-08-08.11.21.36.2960.jpg,unlabeled,,,,
data/raw/images/IPC_2025-08-08.11.21.43.2030.jpg,unlabeled,,,,
data/raw/images/IPC_2025-08-08.11.21.44.6919.jpg,unlabeled,,,,
data/raw/images/IPC_2025-08-08.11.21.47.0050.jpg,unlabeled,,,,
data/raw/images/IPC_2025-08-08.11.22.07.3990.jpg,unlabeled,,,,
data/raw/images/IPC_2025-08-08.11.22.09.7360.jpg,unlabeled,,,,
data/raw/images/IPC_2025-08-08.11.22.13.9230.jpg,unlabeled,,,,
data/raw/images/IPC_2025-08-08.11.22.18.2210.jpg,unlabeled,,,,
data/raw/images/IPC_2025-08-08.11.22.46.9810.jpg,unlabeled,,,,
data/raw/images/IPC_2025-08-08.11.22.50.5860.jpg,unlabeled,,,,
data/raw/images/IPC_2025-08-08.11.22.55.2980.jpg,unlabeled,,,,
data/raw/images/IPC_2025-08-08.11.22.57.5649.jpg,unlabeled,,,,
data/raw/images/IPC_2025-08-08.11.22.57.7460.jpg,unlabeled,,,,
data/raw/images/IPC_2025-08-08.11.23.04.6929.jpg,unlabeled,,,,
data/raw/images/IPC_2025-08-08.11.23.35.0280.jpg,unlabeled,,,,
data/raw/images/IPC_2025-08-08.11.23.40.8060.jpg,unlabeled,,,,
data/raw/images/IPC_2025-08-08.11.23.46.0760.jpg,unlabeled,,,,
data/raw/images/IPC_2025-08-08.11.23.46.6060.jpg,unlabeled,,,,
data/raw/images/IPC_2025-08-08.11.23.49.5540.jpg,unlabeled,,,,
data/raw/images/IPC_2025-08-08.11.23.52.8880.jpg,unlabeled,,,,
data/raw/images/IPC_2025-08-08.11.23.55.2580.jpg,unlabeled,,,,
data/raw/images/IPC_2025-08-08.11.24.00.1100.jpg,unlabeled,,,,
data/raw/images/IPC_2025-08-08.11.24.00.9520.jpg,unlabeled,,,,
data/raw/images/IPC_2025-08-08.11.24.06.6630.jpg,unlabeled,,,,
data/raw/images/IPC_2025-08-08.11.24.10.7480.jpg,unlabeled,,,,
data/raw/images/IPC_2025-08-08.11.24.14.1200.jpg,unlabeled,,,,
data/raw/images/IPC_2025-08-08.11.24.19.5430.jpg,unlabeled,,,,
data/raw/images/IPC_2025-08-08.11.24.26.1719.jpg,unlabeled,,,,
data/raw/images/IPC_2025-08-08.11.24.30.0900.jpg,unlabeled,,,,
data/raw/images/IPC_2025-08-08.11.24.35.2470.jpg,unlabeled,,,,
data/raw/images/IPC_2025-08-08.11.25.02.7520.jpg,unlabeled,,,,
data/raw/images/IPC_2025-08-08.11.25.08.9610.jpg,unlabeled,,,,
data/raw/images/IPC_2025-08-08.11.25.12.4500.jpg,unlabeled,,,,
data/raw/images/IPC_2025-08-08.11.25.17.9820.jpg,unlabeled,,,,
data/raw/images/IPC_2025-08-08.11.25.20.7170.jpg,unlabeled,,,,
data/raw/images/IPC_2025-08-08.11.25.26.0550.jpg,unlabeled,,,,
data/raw/images/IPC_2025-08-08.11.25.29.5010.jpg,unlabeled,,,,
data/raw/images/IPC_2025-08-08.11.25.34.8230.jpg,unlabeled,,,,
data/raw/images/IPC_2025-08-08.11.25.40.9350.jpg,unlabeled,,,,
data/raw/images/IPC_2025-08-08.11.26.35.8120.jpg,unlabeled,,,,
data/raw/images/IPC_2025-08-08.11.26.38.9000.jpg,unlabeled,,,,
data/raw/images/IPC_2025-08-08.11.26.45.3320.jpg,unlabeled,,,,
data/raw/images/IPC_2025-08-08.11.26.50.4580.jpg,unlabeled,,,,
data/raw/images/IPC_2025-08-08.11.27.11.1780.jpg,unlabeled,,,,
data/raw/images/IPC_2025-08-08.11.27.18.8040.jpg,unlabeled,,,,
data/raw/images/IPC_2025-08-08.11.27.30.0869.jpg,unlabeled,,,,
data/raw/images/IPC_2025-08-08.11.27.35.8030.jpg,unlabeled,,,,
data/raw/images/IPC_2025-08-08.11.28.41.7320.jpg,unlabeled,,,,
data/raw/images/IPC_2025-08-08.11.28.49.7670.jpg,unlabeled,,,,
data/raw/images/IPC_2025-08-08.11.29.08.6990.jpg,unlabeled,,,,
data/raw/images/IPC_2025-08-08.11.29.13.4560.jpg,unlabeled,,,,
data/raw/images/IPC_2025-08-08.11.29.17.3760.jpg,unlabeled,,,,
data/raw/images/IPC_2025-08-08.11.29.20.2130.jpg,unlabeled,,,,
data/raw/images/IPC_2025-08-08.11.29.24.0230.jpg,unlabeled,,,,
data/raw/images/IPC_2025-08-08.11.29.26.4970.jpg,unlabeled,,,,
data/raw/images/IPC_2025-08-08.11.29.31.0460.jpg,unlabeled,,,,
data/raw/images/IPC_2025-08-08.11.29.41.1250.jpg,unlabeled,,,,
data/raw/images/IPC_2025-08-08.11.30.21.2829.jpg,unlabeled,,,,
data/raw/images/IPC_2025-08-08.11.30.28.2970.jpg,unlabeled,,,,
data/raw/images/IPC_2025-08-08.11.30.39.3300.jpg,unlabeled,,,,
data/raw/images/IPC_2025-08-08.11.30.48.5790.jpg,unlabeled,,,,
data/raw/images/IPC_2025-08-08.11.30.53.7140.jpg,unlabeled,,,,
data/raw/images/IPC_2025-08-08.11.30.58.2480.jpg,unlabeled,,,,
data/raw/images/IPC_2025-08-08.11.31.10.3770.jpg,unlabeled,,,,
data/raw/images/IPC_2025-08-08.11.31.16.1180.jpg,unlabeled,,,,
data/raw/images/IPC_2025-08-08.11.31.21.9100.jpg,unlabeled,,,,
data/raw/images/IPC_2025-08-08.11.31.22.0920.jpg,unlabeled,,,,
data/raw/images/IPC_2025-08-08.11.31.28.4680.jpg,unlabeled,,,,
data/raw/images/IPC_2025-08-08.11.32.13.1000.jpg,unlabeled,,,,
data/raw/images/IPC_2025-08-08.11.32.17.4260.jpg,unlabeled,,,,
data/raw/images/IPC_2025-08-08.11.32.25.6830.jpg,unlabeled,,,,
data/raw/images/IPC_2025-08-08.11.32.30.2270.jpg,unlabeled,,,,
data/raw/images/IPC_2025-08-08.11.33.06.1210.jpg,unlabeled,,,,
data/raw/images/IPC_2025-08-08.11.33.09.6740.jpg,unlabeled,,,,
data/raw/images/IPC_2025-08-08.11.33.12.7880.jpg,unlabeled,,,,
data/raw/images/IPC_2025-08-08.11.33.16.8460.jpg,unlabeled,,,,
data/raw/images/IPC_2025-08-08.11.33.21.0460.jpg,unlabeled,,,,
data/raw/images/IPC_2025-08-08.11.33.24.9230.jpg,unlabeled,,,,
data/raw/images/IPC_2025-08-08.11.33.31.3980.jpg,unlabeled,,,,
data/raw/images/IPC_2025-08-08.11.33.34.8510.jpg,unlabeled,,,,
data/raw/images/IPC_2025-08-08.11.33.38.4530.jpg,unlabeled,,,,
data/raw/images/IPC_2025-08-08.11.33.45.9710.jpg,unlabeled,,,,
data/raw/images/IPC_2025-08-08.11.33.53.4840.jpg,unlabeled,,,,
data/raw/images/IPC_2025-08-08.11.34.01.3690.jpg,unlabeled,,,,
data/raw/images/IPC_2025-08-08.11.34.20.0420.jpg,unlabeled,,,,
data/raw/images/IPC_2025-08-08.11.34.25.0869.jpg,unlabeled,,,,
data/raw/images/IPC_2025-08-08.11.34.36.5450.jpg,unlabeled,,,,
data/raw/images/IPC_2025-08-08.11.34.49.9160.jpg,unlabeled,,,,
data/raw/images/IPC_2025-08-08.11.35.15.7910.jpg,unlabeled,,,,
data/raw/images/IPC_2025-08-08.11.35.20.8380.jpg,unlabeled,,,,
data/raw/images/IPC_2025-08-08.11.35.28.7390.jpg,unlabeled,,,,
data/raw/images/IPC_2025-08-08.11.36.04.1820.jpg,unlabeled,,,,
data/raw/images/IPC_2025-08-08.11.36.08.3650.jpg,unlabeled,,,,
data/raw/images/IPC_2025-08-08.11.36.13.9130.jpg,unlabeled,,,,
data/raw/images/IPC_2025-08-08.11.36.17.6290.jpg,unlabeled,,,,
data/raw/images/IPC_2025-08-08.11.36.20.9480.jpg,unlabeled,,,,
data/raw/images/IPC_2025-08-08.11.36.25.7040.jpg,unlabeled,,,,
data/raw/images/IPC_2025-08-08.11.36.26.8430.jpg,unlabeled,,,,
data/raw/images/IPC_2025-08-08.11.36.28.4780.jpg,unlabeled,,,,
data/raw/images/IPC_2025-08-08.11.36.33.2480.jpg,unlabeled,,,,
data/raw/images/IPC_2025-08-08.11.36.34.5620.jpg,unlabeled,,,,
data/raw/images/IPC_2025-08-08.11.36.39.5130.jpg,unlabeled,,,,
data/raw/images/IPC_2025-08-08.11.36.42.8290.jpg,unlabeled,,,,
data/raw/images/IPC_2025-08-08.11.36.51.5040.jpg,unlabeled,,,,
data/raw/images/IPC_2025-08-08.11.36.55.1840.jpg,unlabeled,,,,
data/raw/images/IPC_2025-08-08.11.36.59.3690.jpg,unlabeled,,,,
data/raw/images/IPC_2025-08-08.11.37.27.7440.jpg,unlabeled,,,,
data/raw/images/IPC_2025-08-08.11.37.31.8650.jpg,unlabeled,,,,
data/raw/images/IPC_2025-08-08.11.37.35.7200.jpg,unlabeled,,,,
data/raw/images/IPC_2025-08-08.11.38.08.1510.jpg,unlabeled,,,,
data/raw/images/IPC_2025-08-08.11.38.11.5050.jpg,unlabeled,,,,
data/raw/images/IPC_2025-08-08.11.38.17.0080.jpg,unlabeled,,,,
data/raw/images/IPC_2025-08-08.11.38.21.0610.jpg,unlabeled,,,,
data/raw/images/IPC_2025-08-08.11.38.21.7630.jpg,unlabeled,,,,
data/raw/images/IPC_2025-08-08.11.38.25.5240.jpg,unlabeled,,,,
data/raw/images/IPC_2025-08-08.11.38.32.0740.jpg,unlabeled,,,,
data/raw/images/IPC_2025-08-08.11.38.33.1940.jpg,unlabeled,,,,
data/raw/images/IPC_2025-08-08.11.38.39.3459.jpg,unlabeled,,,,
data/raw/images/IPC_2025-08-08.11.38.39.4240.jpg,unlabeled,,,,
data/raw/images/IPC_2025-08-08.11.38.45.4560.jpg,unlabeled,,,,
data/raw/images/IPC_2025-08-08.11.38.58.0869.jpg,unlabeled,,,,
data/raw/images/IPC_2025-08-08.11.39.02.4850.jpg,unlabeled,,,,
data/raw/images/IPC_2025-08-08.11.39.07.8530.jpg,unlabeled,,,,
data/raw/images/IPC_2025-08-08.11.39.28.7410.jpg,unlabeled,,,,
data/raw/images/IPC_2025-08-08.11.39.38.4660.jpg,unlabeled,,,,
data/raw/images/IPC_2025-08-08.11.39.45.4290.jpg,unlabeled,,,,
data/raw/images/IPC_2025-08-08.11.39.54.3320.jpg,unlabeled,,,,
data/raw/images/IPC_2025-08-08.11.40.00.3060.jpg,unlabeled,,,,
data/raw/images/IPC_2025-08-08.11.40.05.5180.jpg,unlabeled,,,,
data/raw/images/IPC_2025-08-08.11.40.15.5850.jpg,unlabeled,,,,
data/raw/images/IPC_2025-08-08.11.40.22.5490.jpg,unlabeled,,,,
data/raw/images/IPC_2025-08-08.11.40.26.7320.jpg,unlabeled,,,,
data/raw/images/IPC_2025-08-08.11.40.40.6730.jpg,unlabeled,,,,
data/raw/images/IPC_2025-08-08.11.40.42.5560.jpg,unlabeled,,,,
data/raw/images/IPC_2025-08-08.11.40.57.5940.jpg,unlabeled,,,,
data/raw/images/IPC_2025-08-08.11.41.04.1419.jpg,unlabeled,,,,
data/raw/images/IPC_2025-08-08.11.41.07.8580.jpg,unlabeled,,,,
data/raw/images/IPC_2025-08-08.11.41.14.7360.jpg,unlabeled,,,,
data/raw/images/IPC_2025-08-08.11.41.23.2770.jpg,unlabeled,,,,
data/raw/images/IPC_2025-08-08.11.41.27.4360.jpg,unlabeled,,,,
data/raw/images/IPC_2025-08-08.11.41.40.7030.jpg,unlabeled,,,,
data/raw/images/IPC_2025-08-08.11.41.40.9490.jpg,unlabeled,,,,
data/raw/images/IPC_2025-08-08.11.42.17.5709.jpg,unlabeled,,,,
data/raw/images/IPC_2025-08-08.11.42.17.6620.jpg,unlabeled,,,,
data/raw/images/IPC_2025-08-08.11.42.25.9140.jpg,unlabeled,,,,
data/raw/images/IPC_2025-08-08.11.42.37.6110.jpg,unlabeled,,,,
data/raw/images/IPC_2025-08-08.11.43.21.3630.jpg,unlabeled,,,,
data/raw/images/IPC_2025-08-08.11.43.25.1810.jpg,unlabeled,,,,
data/raw/images/IPC_2025-08-08.11.43.30.3030.jpg,unlabeled,,,,
data/raw/images/IPC_2025-08-08.11.43.34.5970.jpg,unlabeled,,,,
data/raw/images/IPC_2025-08-08.11.43.42.2940.jpg,unlabeled,,,,
data/raw/images/IPC_2025-08-08.11.43.56.9200.jpg,unlabeled,,,,
data/raw/images/IPC_2025-08-08.11.44.00.3250.jpg,unlabeled,,,,
data/raw/images/IPC_2025-08-08.11.44.06.8210.jpg,unlabeled,,,,
data/raw/images/IPC_2025-08-08.11.44.11.9680.jpg,unlabeled,,,,
data/raw/images/IPC_2025-08-08.11.44.38.3720.jpg,unlabeled,,,,
data/raw/images/IPC_2025-08-08.11.44.42.2350.jpg,unlabeled,,,,
data/raw/images/IPC_2025-08-08.11.44.48.9500.jpg,unlabeled,,,,
data/raw/images/IPC_2025-08-08.11.45.20.4210.jpg,unlabeled,,,,
data/raw/images/IPC_2025-08-08.11.45.23.4000.jpg,unlabeled,,,,
data/raw/images/IPC_2025-08-08.11.45.27.4260.jpg,unlabeled,,,,
data/raw/images/IPC_2025-08-08.11.45.33.2630.jpg,unlabeled,,,,
data/raw/images/IPC_2025-08-08.11.45.38.0429.jpg,unlabeled,,,,
data/raw/images/IPC_2025-08-08.11.45.39.2560.jpg,unlabeled,,,,
data/raw/images/IPC_2025-08-08.11.45.42.9910.jpg,unlabeled,,,,
data/raw/images/IPC_2025-08-08.11.45.45.9730.jpg,unlabeled,,,,
data/raw/images/IPC_2025-08-08.11.45.49.1860.jpg,unlabeled,,,,
data/raw/images/IPC_2025-08-08.11.45.51.0520.jpg,unlabeled,,,,
data/raw/images/IPC_2025-08-08.11.45.57.1040.jpg,unlabeled,,,,
data/raw/images/IPC_2025-08-08.11.45.59.1230.jpg,unlabeled,,,,
data/raw/images/IPC_2025-08-08.11.46.16.6710.jpg,unlabeled,,,,
data/raw/images/IPC_2025-08-08.11.46.23.1180.jpg,unlabeled,,,,
data/raw/images/IPC_2025-08-08.11.46.29.9060.jpg,unlabeled,,,,
data/raw/images/IPC_2025-08-08.11.46.54.2020.jpg,unlabeled,,,,
data/raw/images/IPC_2025-08-08.11.47.03.4130.jpg,unlabeled,,,,
data/raw/images/IPC_2025-08-08.11.47.09.0180.jpg,unlabeled,,,,
data/raw/images/IPC_2025-08-08.11.47.36.6879.jpg,unlabeled,,,,
data/raw/images/IPC_2025-08-08.11.47.40.8640.jpg,unlabeled,,,,
data/raw/images/IPC_2025-08-08.11.47.43.8179.jpg,unlabeled,,,,
data/raw/images/IPC_2025-08-08.11.47.48.8410.jpg,unlabeled,,,,
data/raw/images/IPC_2025-08-08.11.47.49.6230.jpg,unlabeled,,,,
data/raw/images/IPC_2025-08-08.11.47.52.3520.jpg,unlabeled,,,,
data/raw/images/IPC_2025-08-08.11.47.54.3650.jpg,unlabeled,,,,
data/raw/images/IPC_2025-08-08.11.47.54.7610.jpg,unlabeled,,,,
data/raw/images/IPC_2025-08-08.11.47.59.0120.jpg,unlabeled,,,,
data/raw/images/IPC_2025-08-08.11.47.59.7480.jpg,unlabeled,,,,
data/raw/images/IPC_2025-08-08.11.48.02.5860.jpg,unlabeled,,,,
data/raw/images/IPC_2025-08-08.11.48.15.3040.jpg,unlabeled,,,,
data/raw/images/IPC_2025-08-08.11.48.34.5430.jpg,unlabeled,,,,
data/raw/images/IPC_2025-08-08.11.48.38.7740.jpg,unlabeled,,,,
data/raw/images/IPC_2025-08-08.11.48.42.3750.jpg,unlabeled,,,,
data/raw/images/IPC_2025-08-08.11.48.45.9360.jpg,unlabeled,,,,
data/raw/images/IPC_2025-08-08.11.49.00.4700.jpg,unlabeled,,,,
data/raw/images/IPC_2025-08-08.11.49.05.1820.jpg,unlabeled,,,,
data/raw/images/IPC_2025-08-08.11.49.09.1970.jpg,unlabeled,,,,
data/raw/images/IPC_2025-08-08.11.49.13.3950.jpg,unlabeled,,,,
data/raw/images/IPC_2025-08-08.11.49.33.9640.jpg,unlabeled,,,,
data/raw/images/IPC_2025-08-08.11.49.39.0220.jpg,unlabeled,,,,
data/raw/images/IPC_2025-08-08.11.49.45.2150.jpg,unlabeled,,,,
data/raw/images/IPC_2025-08-08.11.49.49.0530.jpg,unlabeled,,,,
data/raw/images/IPC_2025-08-08.11.50.38.3650.jpg,unlabeled,,,,
data/raw/images/IPC_2025-08-08.11.50.42.7390.jpg,unlabeled,,,,
data/raw/images/IPC_2025-08-08.11.50.46.4180.jpg,unlabeled,,,,
data/raw/images/IPC_2025-08-08.11.50.51.6470.jpg,unlabeled,,,,
data/raw/images/IPC_2025-08-08.11.50.56.2290.jpg,unlabeled,,,,
data/raw/images/IPC_2025-08-08.11.50.59.2180.jpg,unlabeled,,,,
data/raw/images/IPC_2025-08-08.11.51.01.5320.jpg,unlabeled,,,,
data/raw/images/IPC_2025-08-08.11.51.04.1330.jpg,unlabeled,,,,
data/raw/images/IPC_2025-08-08.11.51.09.6919.jpg,unlabeled,,,,
data/raw/images/IPC_2025-08-08.11.51.21.3420.jpg,unlabeled,,,,
data/raw/images/IPC_2025-08-08.11.51.30.4160.jpg,unlabeled,,,,
data/raw/images/IPC_2025-08-08.11.52.40.3330.jpg,unlabeled,,,,
data/raw/images/IPC_2025-08-08.11.52.43.2440.jpg,unlabeled,,,,
data/raw/images/IPC_2025-08-08.11.52.45.2530.jpg,unlabeled,,,,
data/raw/images/IPC_2025-08-08.11.52.49.5280.jpg,unlabeled,,,,
data/raw/images/IPC_2025-08-08.11.52.53.3660.jpg,unlabeled,,,,
data/raw/images/IPC_2025-08-08.11.52.55.7290.jpg,unlabeled,,,,
data/raw/images/IPC_2025-08-08.11.53.00.1700.jpg,unlabeled,,,,
data/raw/images/IPC_2025-08-08.11.53.04.9120.jpg,unlabeled,,,,
data/raw/images/IPC_2025-08-08.11.53.14.9370.jpg,unlabeled,,,,
data/raw/images/IPC_2025-08-08.11.53.19.3520.jpg,unlabeled,,,,
data/raw/images/IPC_2025-08-08.11.53.23.9810.jpg,unlabeled,,,,
data/raw/images/IPC_2025-08-08.11.53.27.0100.jpg,unlabeled,,,,
data/raw/images/IPC_2025-08-08.11.53.37.6100.jpg,unlabeled,,,,
data/raw/images/IPC_2025-08-08.11.53.41.2510.jpg,unlabeled,,,,
data/raw/images/IPC_2025-08-08.11.53.44.1650.jpg,unlabeled,,,,
data/raw/images/IPC_2025-08-08.11.53.58.3800.jpg,unlabeled,,,,
data/raw/images/IPC_2025-08-08.11.54.03.1429.jpg,unlabeled,,,,
data/raw/images/IPC_2025-08-08.11.54.05.6959.jpg,unlabeled,,,,
data/raw/images/IPC_2025-08-08.11.54.07.5900.jpg,unlabeled,,,,
data/raw/images/IPC_2025-08-08.11.54.09.3750.jpg,unlabeled,,,,
data/raw/images/IPC_2025-08-08.11.54.12.3610.jpg,unlabeled,,,,
data/raw/images/IPC_2025-08-08.11.54.12.5980.jpg,unlabeled,,,,
data/raw/images/IPC_2025-08-08.11.54.15.1250.jpg,unlabeled,,,,
data/raw/images/IPC_2025-08-08.11.54.17.7970.jpg,unlabeled,,,,
data/raw/images/IPC_2025-08-08.11.54.23.2520.jpg,unlabeled,,,,
data/raw/images/IPC_2025-08-08.11.54.31.4260.jpg,unlabeled,,,,
data/raw/images/IPC_2025-08-08.11.54.33.2710.jpg,unlabeled,,,,
data/raw/images/IPC_2025-08-08.11.54.36.9820.jpg,unlabeled,,,,
data/raw/images/IPC_2025-08-08.11.54.40.2150.jpg,unlabeled,,,,
data/raw/images/IPC_2025-08-08.11.54.40.4560.jpg,unlabeled,,,,
data/raw/images/IPC_2025-08-08.11.54.41.1960.jpg,unlabeled,,,,
data/raw/images/IPC_2025-08-08.11.54.50.4420.jpg,unlabeled,,,,
data/raw/images/IPC_2025-08-08.11.54.52.7650.jpg,unlabeled,,,,
data/raw/images/IPC_2025-08-08.11.54.55.7550.jpg,unlabeled,,,,
data/raw/images/IPC_2025-08-08.11.55.00.7840.jpg,unlabeled,,,,
data/raw/images/IPC_2025-08-08.11.55.04.4210.jpg,unlabeled,,,,
data/raw/images/IPC_2025-08-08.11.55.06.8040.jpg,unlabeled,,,,
data/raw/images/IPC_2025-08-08.11.55.11.3520.jpg,unlabeled,,,,
data/raw/images/IPC_2025-08-08.11.55.18.9060.jpg,unlabeled,,,,
data/raw/images/IPC_2025-08-08.11.55.25.9850.jpg,unlabeled,,,,
data/raw/images/IPC_2025-08-08.11.55.37.2980.jpg,unlabeled,,,,
data/raw/images/IPC_2025-08-08.11.55.39.4590.jpg,unlabeled,,,,
data/raw/images/IPC_2025-08-08.11.55.44.5610.jpg,unlabeled,,,,
data/raw/images/IPC_2025-08-08.11.55.51.0090.jpg,unlabeled,,,,
data/raw/images/IPC_2025-08-08.11.55.51.1130.jpg,unlabeled,,,,
data/raw/images/IPC_2025-08-08.11.55.55.8830.jpg,unlabeled,,,,
data/raw/images/IPC_2025-08-08.11.55.56.5270.jpg,unlabeled,,,,
data/raw/images/IPC_2025-08-08.11.56.00.8220.jpg,unlabeled,,,,
data/raw/images/IPC_2025-08-08.11.56.11.0570.jpg,unlabeled,,,,
data/raw/images/IPC_2025-08-08.11.56.16.0040.jpg,unlabeled,,,,
data/raw/images/IPC_2025-08-08.11.56.25.2320.jpg,unlabeled,,,,
data/raw/images/IPC_2025-08-08.11.56.28.7790.jpg,unlabeled,,,,
data/raw/images/IPC_2025-08-08.11.56.30.4720.jpg,unlabeled,,,,
data/raw/images/IPC_2025-08-08.11.56.31.8179.jpg,unlabeled,,,,
data/raw/images/IPC_2025-08-08.11.56.35.5040.jpg,unlabeled,,,,
data/raw/images/IPC_2025-08-08.11.56.36.3310.jpg,unlabeled,,,,
data/raw/images/IPC_2025-08-08.11.56.38.7390.jpg,unlabeled,,,,
data/raw/images/IPC_2025-08-08.11.56.42.2100.jpg,unlabeled,,,,
data/raw/images/IPC_2025-08-08.11.56.52.8930.jpg,unlabeled,,,,
data/raw/images/IPC_2025-08-08.11.57.00.8460.jpg,unlabeled,,,,
data/raw/images/IPC_2025-08-08.11.57.04.4210.jpg,unlabeled,,,,
data/raw/images/IPC_2025-08-08.11.57.06.0950.jpg,unlabeled,,,,
data/raw/images/IPC_2025-08-08.11.57.11.8470.jpg,unlabeled,,,,
data/raw/images/IPC_2025-08-08.11.57.19.8210.jpg,unlabeled,,,,
data/raw/images/IPC_2025-08-08.11.57.26.3710.jpg,unlabeled,,,,
data/raw/images/IPC_2025-08-08.11.57.28.6280.jpg,unlabeled,,,,
data/raw/images/IPC_2025-08-08.11.57.31.6340.jpg,unlabeled,,,,
data/raw/images/IPC_2025-08-08.11.57.34.8290.jpg,unlabeled,,,,
data/raw/images/IPC_2025-08-08.11.57.40.2580.jpg,unlabeled,,,,
data/raw/images/IPC_2025-08-08.11.57.45.4790.jpg,unlabeled,,,,
data/raw/images/IPC_2025-08-08.11.57.45.7410.jpg,unlabeled,,,,
data/raw/images/IPC_2025-08-08.11.57.49.5240.jpg,unlabeled,,,,
data/raw/images/IPC_2025-08-08.11.57.50.0820.jpg,unlabeled,,,,
data/raw/images/IPC_2025-08-08.11.57.53.1500.jpg,unlabeled,,,,
data/raw/images/IPC_2025-08-08.11.57.56.4690.jpg,unlabeled,,,,
data/raw/images/IPC_2025-08-08.11.58.10.5840.jpg,unlabeled,,,,
data/raw/images/IPC_2025-08-08.11.58.16.1950.jpg,unlabeled,,,,
data/raw/images/IPC_2025-08-08.11.58.23.2320.jpg,unlabeled,,,,
data/raw/images/IPC_2025-08-08.11.58.49.1000.jpg,unlabeled,,,,
data/raw/images/IPC_2025-08-08.11.58.52.9400.jpg,unlabeled,,,,
data/raw/images/IPC_2025-08-08.11.58.56.9880.jpg,unlabeled,,,,
data/raw/images/IPC_2025-08-08.11.58.59.9400.jpg,unlabeled,,,,
data/raw/images/IPC_2025-08-08.11.59.31.4120.jpg,unlabeled,,,,
data/raw/images/IPC_2025-08-08.11.59.36.7500.jpg,unlabeled,,,,
data/raw/images/IPC_2025-08-08.11.59.40.3200.jpg,unlabeled,,,,
data/raw/images/IPC_2025-08-08.11.59.48.1310.jpg,unlabeled,,,,
data/raw/images/IPC_2025-08-08.11.59.52.9530.jpg,unlabeled,,,,
data/raw/images/IPC_2025-08-08.11.59.56.8680.jpg,unlabeled,,,,
data/raw/images/IPC_2025-08-08.12.00.06.7620.jpg,unlabeled,,,,
data/raw/images/IPC_2025-08-08.12.00.20.7430.jpg,unlabeled,,,,
data/raw/images/IPC_2025-08-08.12.00.27.5530.jpg,unlabeled,,,,
data/raw/images/IPC_2025-08-08.12.00.33.5460.jpg,unlabeled,,,,
data/raw/images/IPC_2025-08-08.12.00.51.2690.jpg,unlabeled,,,,
data/raw/images/IPC_2025-08-08.12.00.54.5760.jpg,unlabeled,,,,
data/raw/images/IPC_2025-08-08.12.01.01.5550.jpg,unlabeled,,,,
data/raw/images/IPC_2025-08-08.12.01.40.2849.jpg,unlabeled,,,,
data/raw/images/IPC_2025-08-08.12.01.48.7600.jpg,unlabeled,,,,
data/raw/images/IPC_2025-08-08.12.01.53.0340.jpg,unlabeled,,,,
data/raw/images/IPC_2025-08-08.12.02.05.1280.jpg,unlabeled,,,,
data/raw/images/IPC_2025-08-08.12.02.06.1490.jpg,unlabeled,,,,
data/raw/images/IPC_2025-08-08.12.02.10.1040.jpg,unlabeled,,,,
data/raw/images/IPC_2025-08-08.12.02.17.4560.jpg,unlabeled,,,,
data/raw/images/IPC_2025-08-08.12.02.42.2550.jpg,unlabeled,,,,
data/raw/images/IPC_2025-08-08.12.02.47.1570.jpg,unlabeled,,,,
data/raw/images/IPC_2025-08-08.12.02.53.4200.jpg,unlabeled,,,,
data/raw/images/IPC_2025-08-08.12.03.34.2870.jpg,unlabeled,,,,
data/raw/images/IPC_2025-08-08.12.03.38.5860.jpg,unlabeled,,,,
data/raw/images/IPC_2025-08-08.12.03.43.7980.jpg,unlabeled,,,,
data/raw/images/IPC_2025-08-08.12.04.08.8400.jpg,unlabeled,,,,
data/raw/images/IPC_2025-08-08.12.04.12.9690.jpg,unlabeled,,,,
data/raw/images/IPC_2025-08-08.12.04.18.7450.jpg,unlabeled,,,,
data/raw/images/IPC_2025-08-08.12.04.55.5340.jpg,unlabeled,,,,
data/raw/images/IPC_2025-08-08.12.04.59.0380.jpg,unlabeled,,,,
data/raw/images/IPC_2025-08-08.12.05.04.0010.jpg,unlabeled,,,,
data/raw/images/IPC_2025-08-08.12.05.08.3930.jpg,unlabeled,,,,
data/raw/images/IPC_2025-08-08.12.05.12.4410.jpg,unlabeled,,,,
data/raw/images/IPC_2025-08-08.12.05.18.3530.jpg,unlabeled,,,,
data/raw/images/IPC_2025-08-08.12.05.18.5010.jpg,unlabeled,,,,
data/raw/images/IPC_2025-08-08.12.05.21.6050.jpg,unlabeled,,,,
data/raw/images/IPC_2025-08-08.12.05.23.3540.jpg,unlabeled,,,,
data/raw/images/IPC_2025-08-08.12.05.27.8450.jpg,unlabeled,,,,
data/raw/images/IPC_2025-08-08.12.05.28.4120.jpg,unlabeled,,,,
data/raw/images/IPC_2025-08-08.12.05.47.3820.jpg,unlabeled,,,,
data/raw/images/IPC_2025-08-08.12.05.50.9330.jpg,unlabeled,,,,
data/raw/images/IPC_2025-08-08.12.05.57.2140.jpg,unlabeled,,,,
data/raw/images/IPC_2025-08-08.12.06.15.3890.jpg,unlabeled,,,,
data/raw/images/IPC_2025-08-08.12.06.20.7630.jpg,unlabeled,,,,
data/raw/images/IPC_2025-08-08.12.06.23.9910.jpg,unlabeled,,,,
data/raw/images/IPC_2025-08-08.12.06.57.4320.jpg,unlabeled,,,,
data/raw/images/IPC_2025-08-08.12.07.00.7040.jpg,unlabeled,,,,
data/raw/images/IPC_2025-08-08.12.07.04.8800.jpg,unlabeled,,,,
data/raw/images/IPC_2025-08-08.12.07.49.9520.jpg,unlabeled,,,,
data/raw/images/IPC_2025-08-08.12.07.53.7460.jpg,unlabeled,,,,
data/raw/images/IPC_2025-08-08.12.07.58.1650.jpg,unlabeled,,,,
data/raw/images/IPC_2025-08-08.12.08.02.0140.jpg,unlabeled,,,,
data/raw/images/IPC_2025-08-08.12.08.08.2470.jpg,unlabeled,,,,
data/raw/images/IPC_2025-08-08.12.08.14.2550.jpg,unlabeled,,,,
data/raw/images/IPC_2025-08-08.12.08.18.2480.jpg,unlabeled,,,,
data/raw/images/IPC_2025-08-08.12.08.22.1330.jpg,unlabeled,,,,
data/raw/images/IPC_2025-08-08.12.08.28.0500.jpg,unlabeled,,,,
data/raw/images/IPC_2025-08-08.12.08.46.5360.jpg,unlabeled,,,,
data/raw/images/IPC_2025-08-08.12.08.49.6660.jpg,unlabeled,,,,
data/raw/images/IPC_2025-08-08.12.08.54.0480.jpg,unlabeled,,,,
data/raw/images/IPC_2025-08-08.12.08.57.1750.jpg,unlabeled,,,,
data/raw/images/IPC_2025-08-08.12.09.10.0470.jpg,unlabeled,,,,
data/raw/images/IPC_2025-08-08.12.09.14.7300.jpg,unlabeled,,,,
data/raw/images/IPC_2025-08-08.12.09.19.6190.jpg,unlabeled,,,,
data/raw/images/IPC_2025-08-08.12.09.44.6710.jpg,unlabeled,,,,
data/raw/images/IPC_2025-08-08.12.09.49.7280.jpg,unlabeled,,,,
data/raw/images/IPC_2025-08-08.12.09.54.7270.jpg,unlabeled,,,,
data/raw/images/IPC_2025-08-08.12.10.24.2849.jpg,unlabeled,,,,
data/raw/images/IPC_2025-08-08.12.10.27.3970.jpg,unlabeled,,,,
data/raw/images/IPC_2025-08-08.12.10.31.9010.jpg,unlabeled,,,,
data/raw/images/IPC_2025-08-08.12.10.34.9780.jpg,unlabeled,,,,
data/raw/images/IPC_2025-08-08.12.10.35.3650.jpg,unlabeled,,,,
data/raw/images/IPC_2025-08-08.12.10.39.8050.jpg,unlabeled,,,,
data/raw/images/IPC_2025-08-08.12.10.41.6400.jpg,unlabeled,,,,
data/raw/images/IPC_2025-08-08.12.10.43.3000.jpg,unlabeled,,,,
data/raw/images/IPC_2025-08-08.12.10.46.5490.jpg,unlabeled,,,,
data/raw/images/IPC_2025-08-08.12.10.49.0190.jpg,unlabeled,,,,
data/raw/images/IPC_2025-08-08.12.10.54.4300.jpg,unlabeled,,,,
data/raw/images/IPC_2025-08-08.12.10.57.5540.jpg,unlabeled,,,,
data/raw/images/IPC_2025-08-08.12.10.58.3750.jpg,unlabeled,,,,
data/raw/images/IPC_2025-08-08.12.11.06.8310.jpg,unlabeled,,,,
data/raw/images/IPC_2025-08-08.12.11.18.5790.jpg,unlabeled,,,,
data/raw/images/IPC_2025-08-08.12.11.24.0460.jpg,unlabeled,,,,
data/raw/images/IPC_2025-08-08.12.11.57.8970.jpg,unlabeled,,,,
data/raw/images/IPC_2025-08-08.12.12.03.2150.jpg,unlabeled,,,,
data/raw/images/IPC_2025-08-08.12.12.08.4400.jpg,unlabeled,,,,
data/raw/images/IPC_2025-08-08.12.12.35.8470.jpg,unlabeled,,,,
data/raw/images/IPC_2025-08-08.12.12.38.3200.jpg,unlabeled,,,,
data/raw/images/IPC_2025-08-08.12.12.41.3740.jpg,unlabeled,,,,
data/raw/images/IPC_2025-08-08.12.12.45.1600.jpg,unlabeled,,,,
data/raw/images/IPC_2025-08-08.12.12.48.7620.jpg,unlabeled,,,,
data/raw/images/IPC_2025-08-08.12.12.51.5340.jpg,unlabeled,,,,
data/raw/images/IPC_2025-08-08.12.12.54.0160.jpg,unlabeled,,,,
data/raw/images/IPC_2025-08-08.12.13.00.0740.jpg,unlabeled,,,,
data/raw/images/IPC_2025-08-14.15.19.20.9130.jpg,unlabeled,,,,
data/raw/images/IPC_2025-08-14.15.19.26.2610.jpg,unlabeled,,,,
data/raw/images/IPC_2025-08-14.15.19.30.2580.jpg,unlabeled,,,,
data/raw/images/IPC_2025-08-14.15.19.33.1409.jpg,unlabeled,,,,
data/raw/images/IPC_2025-08-14.15.20.02.7430.jpg,unlabeled,,,,
data/raw/images/IPC_2025-08-14.15.20.03.4050.jpg,unlabeled,,,,
data/raw/images/IPC_2025-08-14.15.20.03.9860.jpg,unlabeled,,,,
data/raw/images/IPC_2025-08-14.15.20.08.0630.jpg,unlabeled,,,,
data/raw/images/IPC_2025-08-14.15.20.10.7670.jpg,unlabeled,,,,
data/raw/images/IPC_2025-08-14.15.20.13.7260.jpg,unlabeled,,,,
data/raw/images/IPC_2025-08-14.15.20.14.2170.jpg,unlabeled,,,,
data/raw/images/IPC_2025-08-14.15.20.15.1770.jpg,unlabeled,,,,
data/raw/images/IPC_2025-08-14.15.20.17.2170.jpg,unlabeled,,,,
data/raw/images/IPC_2025-08-14.15.20.23.2880.jpg,unlabeled,,,,
data/raw/images/IPC_2025-08-14.15.20.23.8760.jpg,unlabeled,,,,
data/raw/images/IPC_2025-08-14.15.20.29.7820.jpg,unlabeled,,,,
data/raw/images/IPC_2025-08-14.15.20.30.5870.jpg,unlabeled,,,,
data/raw/images/IPC_2025-08-14.15.20.31.6230.jpg,unlabeled,,,,
data/raw/images/IPC_2025-08-14.15.20.35.7060.jpg,unlabeled,,,,
data/raw/images/IPC_2025-08-14.15.20.38.3830.jpg,unlabeled,,,,
data/raw/images/IPC_2025-08-14.15.20.41.9720.jpg,unlabeled,,,,
data/raw/images/IPC_2025-08-14.15.20.42.4530.jpg,unlabeled,,,,
data/raw/images/IPC_2025-08-14.15.20.43.9810.jpg,unlabeled,,,,
data/raw/images/IPC_2025-08-14.15.20.47.5390.jpg,unlabeled,,,,
data/raw/images/IPC_2025-08-14.15.20.49.5430.jpg,unlabeled,,,,
data/raw/images/IPC_2025-08-14.15.20.50.6640.jpg,unlabeled,,,,
data/raw/images/IPC_2025-08-14.15.20.56.8169.jpg,unlabeled,,,,
data/raw/images/IPC_2025-08-14.15.20.59.3690.jpg,unlabeled,,,,
data/raw/images/IPC_2025-08-14.15.21.01.9750.jpg,unlabeled,,,,
data/raw/images/IPC_2025-08-14.15.21.03.4400.jpg,unlabeled,,,,
data/raw/images/IPC_2025-08-14.15.21.07.1980.jpg,unlabeled,,,,
data/raw/images/IPC_2025-08-14.15.21.19.2370.jpg,unlabeled,,,,
data/raw/images/IPC_2025-08-14.15.21.22.1739.jpg,unlabeled,,,,
data/raw/images/IPC_2025-08-14.15.21.25.4180.jpg,unlabeled,,,,
data/raw/images/IPC_2025-08-14.15.21.28.5590.jpg,unlabeled,,,,
data/raw/images/IPC_2025-08-14.15.21.31.0630.jpg,unlabeled,,,,
data/raw/images/IPC_2025-08-14.15.21.40.6250.jpg,unlabeled,,,,
data/raw/images/IPC_2025-08-14.15.21.46.1470.jpg,unlabeled,,,,
data/raw/images/IPC_2025-08-14.15.21.47.9470.jpg,unlabeled,,,,
data/raw/images/IPC_2025-08-14.15.21.49.1240.jpg,unlabeled,,,,
data/raw/images/IPC_2025-08-14.15.21.50.8240.jpg,unlabeled,,,,
data/raw/images/IPC_2025-08-14.15.21.55.4790.jpg,unlabeled,,,,
data/raw/images/IPC_2025-08-14.15.21.57.9750.jpg,unlabeled,,,,
data/raw/images/IPC_2025-08-14.15.22.00.7800.jpg,unlabeled,,,,
data/raw/images/IPC_2025-08-14.15.22.02.8560.jpg,unlabeled,,,,
data/raw/images/IPC_2025-08-14.15.22.07.1990.jpg,unlabeled,,,,
data/raw/images/IPC_2025-08-14.15.22.08.6360.jpg,unlabeled,,,,
data/raw/images/IPC_2025-08-14.15.22.10.5320.jpg,unlabeled,,,,
data/raw/images/IPC_2025-08-14.15.22.12.9040.jpg,unlabeled,,,,
data/raw/images/IPC_2025-08-14.15.22.14.3060.jpg,unlabeled,,,,
data/raw/images/IPC_2025-08-14.15.22.18.4540.jpg,unlabeled,,,,
data/raw/images/IPC_2025-08-14.15.22.20.0470.jpg,unlabeled,,,,
data/raw/images/IPC_2025-08-14.15.22.21.9950.jpg,unlabeled,,,,
data/raw/images/IPC_2025-08-14.15.22.23.8189.jpg,unlabeled,,,,
data/raw/images/IPC_2025-08-14.15.22.28.1100.jpg,unlabeled,,,,
data/raw/images/IPC_2025-08-14.15.22.29.4010.jpg,unlabeled,,,,
data/raw/images/IPC_2025-08-14.15.22.31.4330.jpg,unlabeled,,,,
data/raw/images/IPC_2025-08-14.15.22.34.0410.jpg,unlabeled,,,,
data/raw/images/IPC_2025-08-14.15.22.35.5070.jpg,unlabeled,,,,
data/raw/images/IPC_2025-08-14.15.22.40.3120.jpg,unlabeled,,,,
data/raw/images/IPC_2025-08-14.15.22.41.9690.jpg,unlabeled,,,,
data/raw/images/IPC_2025-08-14.15.22.43.5770.jpg,unlabeled,,,,
data/raw/images/IPC_2025-08-14.15.22.45.7820.jpg,unlabeled,,,,
data/raw/images/IPC_2025-08-14.15.22.51.0080.jpg,unlabeled,,,,
data/raw/images/IPC_2025-08-14.15.22.53.4770.jpg,unlabeled,,,,
data/raw/images/IPC_2025-08-14.15.22.54.9110.jpg,unlabeled,,,,
data/raw/images/IPC_2025-08-14.15.22.57.5639.jpg,unlabeled,,,,
data/raw/images/IPC_2025-08-14.15.22.59.3310.jpg,unlabeled,,,,
data/raw/images/IPC_2025-08-14.15.23.03.1880.jpg,unlabeled,,,,
data/raw/images/IPC_2025-08-14.15.23.04.6160.jpg,unlabeled,,,,
data/raw/images/IPC_2025-08-14.15.23.06.0010.jpg,unlabeled,,,,
data/raw/images/IPC_2025-08-14.15.23.08.2210.jpg,unlabeled,,,,
data/raw/images/IPC_2025-08-14.15.23.12.2880.jpg,unlabeled,,,,
data/raw/images/IPC_2025-08-14.15.23.25.9570.jpg,unlabeled,,,,
data/raw/images/IPC_2025-08-14.15.23.27.4570.jpg,unlabeled,,,,
data/raw/images/IPC_2025-08-14.15.23.29.2330.jpg,unlabeled,,,,
data/raw/images/IPC_2025-08-14.15.23.30.7420.jpg,unlabeled,,,,
data/raw/images/IPC_2025-08-14.15.23.33.6870.jpg,unlabeled,,,,
data/raw/images/IPC_2025-08-14.15.23.34.6410.jpg,unlabeled,,,,
data/raw/images/IPC_2025-08-14.15.23.36.6810.jpg,unlabeled,,,,
data/raw/images/IPC_2025-08-14.15.23.38.2819.jpg,unlabeled,,,,
data/raw/images/IPC_2025-08-14.15.23.39.2410.jpg,unlabeled,,,,
data/raw/images/IPC_2025-08-14.15.23.39.3770.jpg,unlabeled,,,,
data/raw/images/IPC_2025-08-14.15.23.43.4490.jpg,unlabeled,,,,
data/raw/images/IPC_2025-08-14.15.23.44.6610.jpg,unlabeled,,,,
data/raw/images/IPC_2025-08-14.15.23.46.0300.jpg,unlabeled,,,,
data/raw/images/IPC_2025-08-14.15.23.47.2900.jpg,unlabeled,,,,
data/raw/images/IPC_2025-08-14.15.24.08.2859.jpg,unlabeled,,,,
data/raw/images/IPC_2025-08-14.15.24.09.4630.jpg,unlabeled,,,,
data/raw/images/IPC_2025-08-14.15.24.13.2370.jpg,unlabeled,,,,
data/raw/images/IPC_2025-08-14.15.24.19.2930.jpg,unlabeled,,,,
data/raw/images/IPC_2025-08-14.15.24.21.3020.jpg,unlabeled,,,,
data/raw/images/IPC_2025-08-14.15.24.22.9500.jpg,unlabeled,,,,
data/raw/images/IPC_2025-08-14.15.24.25.2350.jpg,unlabeled,,,,
data/raw/images/IPC_2025-08-14.15.24.39.8770.jpg,unlabeled,,,,
data/raw/images/IPC_2025-08-14.15.24.41.0550.jpg,unlabeled,,,,
data/raw/images/IPC_2025-08-14.15.24.42.1400.jpg,unlabeled,,,,
data/raw/images/IPC_2025-08-14.15.24.43.9470.jpg,unlabeled,,,,
data/raw/images/IPC_2025-08-14.15.24.45.6240.jpg,unlabeled,,,,
data/raw/images/IPC_2025-08-14.15.24.49.9880.jpg,unlabeled,,,,
data/raw/images/IPC_2025-08-14.15.24.51.1729.jpg,unlabeled,,,,
data/raw/images/IPC_2025-08-14.15.24.51.9110.jpg,unlabeled,,,,
data/raw/images/IPC_2025-08-14.15.24.53.8270.jpg,unlabeled,,,,
data/raw/images/IPC_2025-08-14.15.24.55.5110.jpg,unlabeled,,,,
data/raw/images/IPC_2025-08-14.15.25.01.0650.jpg,unlabeled,,,,
data/raw/images/IPC_2025-08-14.15.25.02.1080.jpg,unlabeled,,,,
data/raw/images/IPC_2025-08-14.15.25.03.4010.jpg,unlabeled,,,,
data/raw/images/IPC_2025-08-14.15.25.05.1200.jpg,unlabeled,,,,
data/raw/images/IPC_2025-08-14.15.25.06.5460.jpg,unlabeled,,,,
data/raw/images/IPC_2025-08-14.15.25.10.2450.jpg,unlabeled,,,,
data/raw/images/IPC_2025-08-14.15.25.11.7910.jpg,unlabeled,,,,
data/raw/images/IPC_2025-08-14.15.25.13.2740.jpg,unlabeled,,,,
data/raw/images/IPC_2025-08-14.15.25.14.6000.jpg,unlabeled,,,,
data/raw/images/IPC_2025-08-14.15.25.16.5410.jpg,unlabeled,,,,
data/raw/images/IPC_2025-08-14.15.25.23.0540.jpg,unlabeled,,,,
data/raw/images/IPC_2025-08-14.15.25.24.2560.jpg,unlabeled,,,,
data/raw/images/IPC_2025-08-14.15.25.25.5030.jpg,unlabeled,,,,
data/raw/images/IPC_2025-08-14.15.25.26.4140.jpg,unlabeled,,,,
data/raw/images/IPC_2025-08-14.15.25.27.8570.jpg,unlabeled,,,,
data/raw/images/IPC_2025-08-14.15.25.39.3020.jpg,unlabeled,,,,
data/raw/images/IPC_2025-08-14.15.25.41.5150.jpg,unlabeled,,,,
data/raw/images/IPC_2025-08-14.15.25.43.7980.jpg,unlabeled,,,,
data/raw/images/IPC_2025-08-14.15.25.53.3690.jpg,unlabeled,,,,
data/raw/images/IPC_2025-08-14.15.25.54.4050.jpg,unlabeled,,,,
data/raw/images/IPC_2025-08-14.15.25.55.3020.jpg,unlabeled,,,,
data/raw/images/IPC_2025-08-14.15.25.57.2190.jpg,unlabeled,,,,
data/raw/images/IPC_2025-08-14.15.25.58.9430.jpg,unlabeled,,,,
data/raw/images/IPC_2025-08-14.15.26.00.2410.jpg,unlabeled,,,,
data/raw/images/IPC_2025-08-14.15.26.03.4730.jpg,unlabeled,,,,
data/raw/images/IPC_2025-08-14.15.26.04.4950.jpg,unlabeled,,,,
data/raw/images/IPC_2025-08-14.15.26.06.8430.jpg,unlabeled,,,,
data/raw/images/IPC_2025-08-14.15.26.08.5760.jpg,unlabeled,,,,
data/raw/images/IPC_2025-08-14.15.26.13.5890.jpg,unlabeled,,,,
data/raw/images/IPC_2025-08-14.15.26.17.6300.jpg,unlabeled,,,,
data/raw/images/IPC_2025-08-14.15.26.18.1770.jpg,unlabeled,,,,
data/raw/images/IPC_2025-08-14.15.26.19.2970.jpg,unlabeled,,,,
data/raw/images/IPC_2025-08-14.15.26.20.4240.jpg,unlabeled,,,,
data/raw/images/IPC_2025-08-14.15.26.22.3580.jpg,unlabeled,,,,
data/raw/images/IPC_2025-08-14.15.26.25.4040.jpg,unlabeled,,,,
data/raw/images/IPC_2025-08-14.15.26.27.0290.jpg,unlabeled,,,,
data/raw/images/IPC_2025-08-14.15.26.27.8750.jpg,unlabeled,,,,
data/raw/images/IPC_2025-08-14.15.26.29.1610.jpg,unlabeled,,,,
data/raw/images/IPC_2025-08-14.15.26.30.5629.jpg,unlabeled,,,,
data/raw/images/IPC_2025-08-14.15.26.31.6260.jpg,unlabeled,,,,
data/raw/images/IPC_2025-08-14.15.26.31.7440.jpg,unlabeled,,,,
data/raw/images/IPC_2025-08-14.15.26.35.6100.jpg,unlabeled,,,,
data/raw/images/IPC_2025-08-14.15.26.37.0850.jpg,unlabeled,,,,
data/raw/images/IPC_2025-08-14.15.26.37.9060.jpg,unlabeled,,,,
data/raw/images/IPC_2025-08-14.15.26.40.7770.jpg,unlabeled,,,,
data/raw/images/IPC_2025-08-14.15.26.43.9950.jpg,unlabeled,,,,
data/raw/images/IPC_2025-08-14.15.26.46.6080.jpg,unlabeled,,,,
data/raw/images/IPC_2025-08-14.15.26.48.3600.jpg,unlabeled,,,,
data/raw/images/IPC_2025-08-14.15.26.50.3760.jpg,unlabeled,,,,
data/raw/images/IPC_2025-08-14.15.26.54.5900.jpg,unlabeled,,,,
data/raw/images/IPC_2025-08-14.15.26.57.2210.jpg,unlabeled,,,,
data/raw/images/IPC_2025-08-14.15.26.58.9340.jpg,unlabeled,,,,
data/raw/images/IPC_2025-08-14.15.27.02.1990.jpg,unlabeled,,,,
data/raw/images/IPC_2025-08-14.15.27.08.2610.jpg,unlabeled,,,,
data/raw/images/IPC_2025-08-14.15.27.13.2550.jpg,unlabeled,,,,
data/raw/images/IPC_2025-08-14.15.27.14.9840.jpg,unlabeled,,,,
data/raw/images/IPC_2025-08-14.15.27.16.5180.jpg,unlabeled,,,,
data/raw/images/IPC_2025-08-14.15.27.19.6899.jpg,unlabeled,,,,
data/raw/images/IPC_2025-08-14.15.27.22.8910.jpg,unlabeled,,,,
data/raw/images/IPC_2025-08-14.15.27.24.7010.jpg,unlabeled,,,,
data/raw/images/IPC_2025-08-14.15.27.26.2230.jpg,unlabeled,,,,
data/raw/images/IPC_2025-08-14.15.27.29.7640.jpg,unlabeled,,,,
data/raw/images/IPC_2025-08-14.15.27.32.2450.jpg,unlabeled,,,,
data/raw/images/IPC_2025-08-14.15.27.34.7010.jpg,unlabeled,,,,
data/raw/images/IPC_2025-08-14.15.27.36.6590.jpg,unlabeled,,,,
data/raw/images/IPC_2025-08-14.15.27.38.6830.jpg,unlabeled,,,,
data/raw/images/IPC_2025-08-14.15.27.47.5470.jpg,unlabeled,,,,
data/raw/images/IPC_2025-08-14.15.27.49.0190.jpg,unlabeled,,,,
data/raw/images/IPC_2025-08-14.15.27.50.4640.jpg,unlabeled,,,,
data/raw/images/IPC_2025-08-14.15.27.53.7270.jpg,unlabeled,,,,
data/raw/images/IPC_2025-08-14.15.27.59.9330.jpg,unlabeled,,,,
data/raw/images/IPC_2025-08-14.15.28.01.3790.jpg,unlabeled,,,,
data/raw/images/IPC_2025-08-14.15.28.02.7880.jpg,unlabeled,,,,
data/raw/images/IPC_2025-08-14.15.28.05.3670.jpg,unlabeled,,,,
data/raw/images/IPC_2025-08-14.15.28.07.0110.jpg,unlabeled,,,,
data/raw/images/IPC_2025-08-14.15.28.10.6250.jpg,unlabeled,,,,
data/raw/images/IPC_2025-08-14.15.28.12.2240.jpg,unlabeled,,,,
data/raw/images/IPC_2025-08-14.15.28.14.1170.jpg,unlabeled,,,,
data/raw/images/IPC_2025-08-14.15.28.15.8790.jpg,unlabeled,,,,
data/raw/images/IPC_2025-08-14.15.28.22.9300.jpg,unlabeled,,,,
data/raw/images/IPC_2025-08-14.15.28.24.6560.jpg,unlabeled,,,,
data/raw/images/IPC_2025-08-14.15.28.27.4010.jpg,unlabeled,,,,
data/raw/images/IPC_2025-08-14.15.28.29.0450.jpg,unlabeled,,,,
data/raw/images/IPC_2025-08-14.15.28.33.7760.jpg,unlabeled,,,,
data/raw/images/IPC_2025-08-14.15.28.35.2730.jpg,unlabeled,,,,
data/raw/images/IPC_2025-08-14.15.28.37.5200.jpg,unlabeled,,,,
data/raw/images/IPC_2025-08-14.15.28.39.1460.jpg,unlabeled,,,,
data/raw/images/IPC_2025-08-14.15.28.51.7960.jpg,unlabeled,,,,
data/raw/images/IPC_2025-08-14.15.28.53.1240.jpg,unlabeled,,,,
data/raw/images/IPC_2025-08-14.15.28.55.3400.jpg,unlabeled,,,,
data/raw/images/IPC_2025-08-14.15.28.56.8830.jpg,unlabeled,,,,
data/raw/images/IPC_2025-08-14.15.28.59.4730.jpg,unlabeled,,,,
data/raw/images/IPC_2025-08-14.15.29.00.9680.jpg,unlabeled,,,,
data/raw/images/IPC_2025-08-14.15.29.03.4410.jpg,unlabeled,,,,
data/raw/images/IPC_2025-08-14.15.29.06.5550.jpg,unlabeled,,,,
data/raw/images/IPC_2025-08-14.15.29.18.6460.jpg,unlabeled,,,,
data/raw/images/IPC_2025-08-14.15.29.21.1930.jpg,unlabeled,,,,
data/raw/images/IPC_2025-08-14.15.29.23.3670.jpg,unlabeled,,,,
data/raw/images/IPC_2025-08-14.15.29.27.3880.jpg,unlabeled,,,,
data/raw/images/IPC_2025-08-14.15.29.33.2660.jpg,unlabeled,,,,
data/raw/images/IPC_2025-08-14.15.29.35.1580.jpg,unlabeled,,,,
data/raw/images/IPC_2025-08-14.15.29.37.3160.jpg,unlabeled,,,,
data/raw/images/IPC_2025-08-14.15.29.41.6879.jpg,unlabeled,,,,
data/raw/images/IPC_2025-08-14.15.29.44.4060.jpg,unlabeled,,,,
data/raw/images/IPC_2025-08-14.15.29.45.9950.jpg,unlabeled,,,,
data/raw/images/IPC_2025-08-14.15.29.47.1490.jpg,unlabeled,,,,
data/raw/images/IPC_2025-08-14.15.29.51.0740.jpg,unlabeled,,,,
data/raw/images/IPC_2025-08-14.15.29.57.4730.jpg,unlabeled,,,,
data/raw/images/IPC_2025-08-14.15.29.58.9940.jpg,unlabeled,,,,
data/raw/images/IPC_2025-08-14.15.30.01.7370.jpg,unlabeled,,,,
data/raw/images/IPC_2025-08-14.15.30.04.8400.jpg,unlabeled,,,,
data/raw/images/IPC_2025-08-14.15.30.16.0130.jpg,unlabeled,,,,
data/raw/images/IPC_2025-08-14.15.30.17.9140.jpg,unlabeled,,,,
data/raw/images/IPC_2025-08-14.15.30.19.8139.jpg,unlabeled,,,,
data/raw/images/IPC_2025-08-14.15.30.21.5230.jpg,unlabeled,,,,
data/raw/images/IPC_2025-08-14.15.30.25.1350.jpg,unlabeled,,,,
data/raw/images/IPC_2025-08-14.15.30.26.5450.jpg,unlabeled,,,,
data/raw/images/IPC_2025-08-14.15.30.28.7930.jpg,unlabeled,,,,
data/raw/images/IPC_2025-08-14.15.30.31.4560.jpg,unlabeled,,,,
data/raw/images/IPC_2025-08-14.15.30.33.2230.jpg,unlabeled,,,,
data/raw/images/IPC_2025-08-14.15.30.34.9420.jpg,unlabeled,,,,
data/raw/images/IPC_2025-08-14.15.30.36.4960.jpg,unlabeled,,,,
data/raw/images/IPC_2025-08-14.15.30.39.1580.jpg,unlabeled,,,,
data/raw/images/IPC_2025-08-14.15.30.51.0460.jpg,unlabeled,,,,
data/raw/images/IPC_2025-08-14.15.30.53.3489.jpg,unlabeled,,,,
data/raw/images/IPC_2025-08-14.15.30.55.8850.jpg,unlabeled,,,,
data/raw/images/IPC_2025-08-14.15.31.00.8690.jpg,unlabeled,,,,
data/raw/images/IPC_2025-08-14.15.31.02.6770.jpg,unlabeled,,,,
data/raw/images/IPC_2025-08-14.15.31.05.9610.jpg,unlabeled,,,,
data/raw/images/IPC_2025-08-14.15.31.08.3439.jpg,unlabeled,,,,
data/raw/images/IPC_2025-08-14.15.31.13.9950.jpg,unlabeled,,,,
data/raw/images/IPC_2025-08-14.15.31.15.3680.jpg,unlabeled,,,,
data/raw/images/IPC_2025-08-14.15.31.17.3990.jpg,unlabeled,,,,
data/raw/images/IPC_2025-08-14.15.31.21.9030.jpg,unlabeled,,,,
data/raw/images/IPC_2025-08-14.15.31.25.0750.jpg,unlabeled,,,,
data/raw/images/IPC_2025-08-14.15.31.26.2839.jpg,unlabeled,,,,
data/raw/images/IPC_2025-08-14.15.31.27.9520.jpg,unlabeled,,,,
data/raw/images/IPC_2025-08-14.15.31.30.2430.jpg,unlabeled,,,,
data/raw/images/IPC_2025-08-14.15.31.37.1150.jpg,unlabeled,,,,
data/raw/images/IPC_2025-08-14.15.31.38.7350.jpg,unlabeled,,,,
data/raw/images/IPC_2025-08-14.15.31.40.4089.jpg,unlabeled,,,,
data/raw/images/IPC_2025-08-14.15.31.41.7630.jpg,unlabeled,,,,
data/raw/images/IPC_2025-08-14.15.31.44.4270.jpg,unlabeled,,,,
data/raw/images/IPC_2025-08-14.15.31.45.4630.jpg,unlabeled,,,,
data/raw/images/IPC_2025-08-14.15.31.46.6440.jpg,unlabeled,,,,
data/raw/images/IPC_2025-08-14.15.31.48.7840.jpg,unlabeled,,,,
data/raw/images/IPC_2025-08-14.15.31.50.2100.jpg,unlabeled,,,,
data/raw/images/IPC_2025-08-14.15.31.52.6760.jpg,unlabeled,,,,
data/raw/images/IPC_2025-08-14.15.31.53.8540.jpg,unlabeled,,,,
data/raw/images/IPC_2025-08-14.15.31.55.3930.jpg,unlabeled,,,,
data/raw/images/IPC_2025-08-14.15.31.57.2490.jpg,unlabeled,,,,
data/raw/images/IPC_2025-08-14.15.32.09.2730.jpg,unlabeled,,,,
data/raw/images/IPC_2025-08-14.15.32.10.9520.jpg,unlabeled,,,,
data/raw/images/IPC_2025-08-14.15.32.12.7740.jpg,unlabeled,,,,
data/raw/images/IPC_2025-08-14.15.32.14.0920.jpg,unlabeled,,,,
data/raw/images/IPC_2025-08-14.15.32.17.2460.jpg,unlabeled,,,,
data/raw/images/IPC_2025-08-14.15.32.18.9560.jpg,unlabeled,,,,
data/raw/images/IPC_2025-08-14.15.32.21.3280.jpg,unlabeled,,,,
data/raw/images/IPC_2025-08-14.15.32.23.7760.jpg,unlabeled,,,,
data/raw/images/IPC_2025-08-14.15.32.26.3060.jpg,unlabeled,,,,
data/raw/images/IPC_2025-08-14.15.32.28.1240.jpg,unlabeled,,,,
data/raw/images/IPC_2025-08-14.15.32.29.4870.jpg,unlabeled,,,,
data/raw/images/IPC_2025-08-14.15.32.31.8520.jpg,unlabeled,,,,
data/raw/images/IPC_2025-08-14.15.32.41.3760.jpg,unlabeled,,,,
data/raw/images/IPC_2025-08-14.15.32.43.2090.jpg,unlabeled,,,,
data/raw/images/IPC_2025-08-14.15.32.45.9790.jpg,unlabeled,,,,
data/raw/images/IPC_2025-08-14.15.32.47.7500.jpg,unlabeled,,,,
data/raw/images/IPC_2025-08-14.15.32.56.0930.jpg,unlabeled,,,,
data/raw/images/IPC_2025-08-14.15.32.58.1190.jpg,unlabeled,,,,
data/raw/images/IPC_2025-08-14.15.33.00.2859.jpg,unlabeled,,,,
data/raw/images/IPC_2025-08-14.15.33.02.9580.jpg,unlabeled,,,,
data/raw/images/IPC_2025-08-14.15.33.05.3410.jpg,unlabeled,,,,
data/raw/images/IPC_2025-08-14.15.33.07.5160.jpg,unlabeled,,,,
data/raw/images/IPC_2025-08-14.15.33.10.6680.jpg,unlabeled,,,,
data/raw/images/IPC_2025-08-14.15.33.12.9600.jpg,unlabeled,,,,
data/raw/images/IPC_2025-08-14.15.33.14.3310.jpg,unlabeled,,,,
data/raw/images/IPC_2025-08-14.15.33.16.1780.jpg,unlabeled,,,,
data/raw/images/IPC_2025-08-14.15.33.18.3710.jpg,unlabeled,,,,
data/raw/images/IPC_2025-08-14.15.33.31.1140.jpg,unlabeled,,,,
data/raw/images/IPC_2025-08-14.15.33.32.5910.jpg,unlabeled,,,,
data/raw/images/IPC_2025-08-14.15.33.34.5520.jpg,unlabeled,,,,
data/raw/images/IPC_2025-08-14.15.33.36.5300.jpg,unlabeled,,,,
data/raw/images/IPC_2025-08-14.15.33.40.0270.jpg,unlabeled,,,,
data/raw/images/IPC_2025-08-14.15.33.41.9010.jpg,unlabeled,,,,
data/raw/images/IPC_2025-08-14.15.33.43.9740.jpg,unlabeled,,,,
data/raw/images/IPC_2025-08-14.15.33.45.8680.jpg,unlabeled,,,,
data/raw/images/IPC_2025-08-14.15.33.59.3420.jpg,unlabeled,,,,
data/raw/images/IPC_2025-08-14.15.34.00.5220.jpg,unlabeled,,,,
data/raw/images/IPC_2025-08-14.15.34.02.0390.jpg,unlabeled,,,,
data/raw/images/IPC_2025-08-14.15.34.04.0310.jpg,unlabeled,,,,
data/raw/images/IPC_2025-08-14.15.34.04.2960.jpg,unlabeled,,,,
data/raw/images/IPC_2025-08-14.15.34.05.7730.jpg,unlabeled,,,,
data/raw/images/IPC_2025-08-14.15.34.37.7730.jpg,unlabeled,,,,
data/raw/images/IPC_2025-08-14.15.34.39.7860.jpg,unlabeled,,,,
data/raw/images/IPC_2025-08-14.15.34.42.1770.jpg,unlabeled,,,,
data/raw/images/IPC_2025-08-14.15.34.44.5170.jpg,unlabeled,,,,
data/raw/images/IPC_2025-08-14.15.34.58.4320.jpg,unlabeled,,,,
data/raw/images/IPC_2025-08-14.15.34.59.4580.jpg,unlabeled,,,,
data/raw/images/IPC_2025-08-14.15.35.01.1429.jpg,unlabeled,,,,
data/raw/images/IPC_2025-08-14.15.35.06.9290.jpg,unlabeled,,,,
data/raw/images/IPC_2025-08-14.15.35.08.7050.jpg,unlabeled,,,,
data/raw/images/IPC_2025-08-14.15.35.13.0190.jpg,unlabeled,,,,
data/raw/images/IPC_2025-08-14.15.35.13.9490.jpg,unlabeled,,,,
data/raw/images/IPC_2025-08-14.15.35.16.3550.jpg,unlabeled,,,,
data/raw/images/IPC_2025-08-14.15.35.18.0770.jpg,unlabeled,,,,
data/raw/images/IPC_2025-08-14.15.35.21.5230.jpg,unlabeled,,,,
data/raw/images/IPC_2025-08-14.15.35.22.7970.jpg,unlabeled,,,,
data/raw/images/IPC_2025-08-14.15.35.24.9380.jpg,unlabeled,,,,
data/raw/images/IPC_2025-08-14.15.35.26.4390.jpg,unlabeled,,,,
data/raw/images/IPC_2025-08-14.15.35.33.2730.jpg,unlabeled,,,,
data/raw/images/IPC_2025-08-14.15.35.34.4770.jpg,unlabeled,,,,
data/raw/images/IPC_2025-08-14.15.35.35.9870.jpg,unlabeled,,,,
data/raw/images/IPC_2025-08-14.15.35.38.8900.jpg,unlabeled,,,,
data/raw/images/IPC_2025-08-14.15.35.44.5860.jpg,unlabeled,,,,
data/raw/images/IPC_2025-08-14.15.35.45.9320.jpg,unlabeled,,,,
data/raw/images/IPC_2025-08-14.15.35.47.8320.jpg,unlabeled,,,,
data/raw/images/IPC_2025-08-14.15.35.49.7570.jpg,unlabeled,,,,
data/raw/images/IPC_2025-08-14.15.36.02.3310.jpg,unlabeled,,,,
data/raw/images/IPC_2025-08-14.15.36.04.0320.jpg,unlabeled,,,,
data/raw/images/IPC_2025-08-14.15.36.06.3550.jpg,unlabeled,,,,
data/raw/images/IPC_2025-08-14.15.36.22.3860.jpg,unlabeled,,,,
data/raw/images/IPC_2025-08-14.15.36.23.8570.jpg,unlabeled,,,,
data/raw/images/IPC_2025-08-14.15.36.26.6670.jpg,unlabeled,,,,
data/raw/images/IPC_2025-08-14.15.36.41.1830.jpg,unlabeled,,,,
data/raw/images/IPC_2025-08-14.15.36.42.2530.jpg,unlabeled,,,,
data/raw/images/IPC_2025-08-14.15.36.44.9500.jpg,unlabeled,,,,
data/raw/images/IPC_2025-08-14.15.36.46.5590.jpg,unlabeled,,,,
data/raw/images/IPC_2025-08-14.15.37.00.0320.jpg,unlabeled,,,,
data/raw/images/IPC_2025-08-14.15.37.03.4400.jpg,unlabeled,,,,
data/raw/images/IPC_2025-08-14.15.37.08.7180.jpg,unlabeled,,,,
data/raw/images/IPC_2025-08-14.15.37.10.5140.jpg,unlabeled,,,,
data/raw/images/IPC_2025-08-14.15.37.13.0080.jpg,unlabeled,,,,
data/raw/images/IPC_2025-08-14.15.37.17.0730.jpg,unlabeled,,,,
data/raw/images/IPC_2025-08-14.15.37.19.1729.jpg,unlabeled,,,,
data/raw/images/IPC_2025-08-14.15.37.22.5770.jpg,unlabeled,,,,
data/raw/images/IPC_2025-08-14.15.37.38.6340.jpg,unlabeled,,,,
data/raw/images/IPC_2025-08-14.15.37.41.1510.jpg,unlabeled,,,,
data/raw/images/IPC_2025-08-14.15.37.43.3630.jpg,unlabeled,,,,
data/raw/images/IPC_2025-08-14.15.37.45.7270.jpg,unlabeled,,,,
data/raw/images/IPC_2025-08-14.15.37.48.0920.jpg,unlabeled,,,,
data/raw/images/IPC_2025-08-14.15.37.49.9350.jpg,unlabeled,,,,
data/raw/images/IPC_2025-08-14.15.37.52.6820.jpg,unlabeled,,,,
data/raw/images/IPC_2025-08-14.15.37.54.0120.jpg,unlabeled,,,,
data/raw/images/IPC_2025-08-14.15.37.56.2270.jpg,unlabeled,,,,
data/raw/images/IPC_2025-08-14.15.37.57.5960.jpg,unlabeled,,,,
data/raw/images/IPC_2025-08-14.15.37.59.0930.jpg,unlabeled,,,,
data/raw/images/IPC_2025-08-14.15.38.01.4310.jpg,unlabeled,,,,
data/raw/images/IPC_2025-08-14.15.38.06.9250.jpg,unlabeled,,,,
data/raw/images/IPC_2025-08-14.15.38.09.5659.jpg,unlabeled,,,,
data/raw/images/IPC_2025-08-14.15.38.11.4340.jpg,unlabeled,,,,
data/raw/images/IPC_2025-08-14.15.38.13.4940.jpg,unlabeled,,,,
data/raw/images/IPC_2025-08-14.15.38.19.6110.jpg,unlabeled,,,,
data/raw/images/IPC_2025-08-14.15.38.21.1330.jpg,unlabeled,,,,
data/raw/images/IPC_2025-08-14.15.38.22.7740.jpg,unlabeled,,,,
data/raw/images/IPC_2025-08-14.15.38.25.8280.jpg,unlabeled,,,,
data/raw/images/IPC_2025-08-14.15.38.27.2890.jpg,unlabeled,,,,
data/raw/images/IPC_2025-08-14.15.38.28.6899.jpg,unlabeled,,,,
data/raw/images/IPC_2025-08-14.15.38.30.0930.jpg,unlabeled,,,,
data/raw/images/IPC_2025-08-14.15.38.34.5940.jpg,unlabeled,,,,
data/raw/images/IPC_2025-08-14.15.38.35.7720.jpg,unlabeled,,,,
data/raw/images/IPC_2025-08-14.15.38.37.7310.jpg,unlabeled,,,,
data/raw/images/IPC_2025-08-14.15.38.39.8960.jpg,unlabeled,,,,
data/raw/images/IPC_2025-08-14.15.38.42.9770.jpg,unlabeled,,,,
data/raw/images/IPC_2025-08-14.15.38.44.6300.jpg,unlabeled,,,,
data/raw/images/IPC_2025-08-14.15.38.46.0590.jpg,unlabeled,,,,
data/raw/images/IPC_2025-08-14.15.38.47.4450.jpg,unlabeled,,,,
data/raw/images/IPC_2025-08-14.15.38.49.1620.jpg,unlabeled,,,,
data/raw/images/IPC_2025-08-14.15.38.50.4410.jpg,unlabeled,,,,
data/raw/images/IPC_2025-08-14.15.38.51.4950.jpg,unlabeled,,,,
data/raw/images/IPC_2025-08-14.15.38.52.9650.jpg,unlabeled,,,,
data/raw/images/IPC_2025-08-14.15.38.54.5000.jpg,unlabeled,,,,
data/raw/images/IPC_2025-08-14.15.38.54.6580.jpg,unlabeled,,,,
data/raw/images/IPC_2025-08-14.15.39.07.5950.jpg,unlabeled,,,,
data/raw/images/IPC_2025-08-14.15.39.08.5250.jpg,unlabeled,,,,
data/raw/images/IPC_2025-08-14.15.39.09.9010.jpg,unlabeled,,,,
data/raw/images/IPC_2025-08-14.15.39.11.6870.jpg,unlabeled,,,,
data/raw/images/IPC_2025-08-14.15.39.12.8990.jpg,unlabeled,,,,
data/raw/images/IPC_2025-08-14.15.39.28.1729.jpg,unlabeled,,,,
data/raw/images/IPC_2025-08-14.15.39.34.5320.jpg,unlabeled,,,,
data/raw/images/IPC_2025-08-14.15.39.37.8730.jpg,unlabeled,,,,
data/raw/images/IPC_2025-08-14.15.39.41.9990.jpg,unlabeled,,,,
data/raw/images/IPC_2025-08-14.15.39.43.8270.jpg,unlabeled,,,,
data/raw/images/IPC_2025-08-14.15.39.46.1090.jpg,unlabeled,,,,
data/raw/images/IPC_2025-08-14.15.40.11.9790.jpg,unlabeled,,,,
data/raw/images/IPC_2025-08-14.15.40.13.2400.jpg,unlabeled,,,,
data/raw/images/IPC_2025-08-14.15.40.15.4650.jpg,unlabeled,,,,
data/raw/images/IPC_2025-08-14.15.40.16.9350.jpg,unlabeled,,,,
data/raw/images/IPC_2025-08-14.15.40.19.0740.jpg,unlabeled,,,,
data/raw/images/IPC_2025-08-14.15.40.20.4190.jpg,unlabeled,,,,
data/raw/images/IPC_2025-08-14.16.21.59.2440.jpg,unlabeled,,,,
data/raw/images/IPC_2025-08-14.16.22.00.7870.jpg,unlabeled,,,,
data/raw/images/IPC_2025-08-14.16.22.08.2450.jpg,unlabeled,,,,
data/raw/images/IPC_2025-08-14.16.22.09.9880.jpg,unlabeled,,,,
data/raw/images/IPC_2025-08-14.16.22.14.7870.jpg,unlabeled,,,,
data/raw/images/IPC_2025-08-14.16.22.15.9430.jpg,unlabeled,,,,
data/raw/images/IPC_2025-08-14.16.22.18.6540.jpg,unlabeled,,,,
data/raw/images/IPC_2025-08-14.16.22.22.4640.jpg,unlabeled,,,,
data/raw/images/IPC_2025-08-14.16.22.24.2970.jpg,unlabeled,,,,
data/raw/images/IPC_2025-08-14.16.22.26.3469.jpg,unlabeled,,,,
data/raw/images/IPC_2025-08-14.16.22.28.1150.jpg,unlabeled,,,,
data/raw/images/IPC_2025-08-14.16.22.31.1130.jpg,unlabeled,,,,
data/raw/images/IPC_2025-08-14.16.22.32.4480.jpg,unlabeled,,,,
data/raw/images/IPC_2025-08-14.16.22.37.7790.jpg,unlabeled,,,,
data/raw/images/IPC_2025-08-14.16.22.39.4060.jpg,unlabeled,,,,
data/raw/images/IPC_2025-08-14.16.22.41.1270.jpg,unlabeled,,,,
data/raw/images/IPC_2025-08-14.16.22.42.7940.jpg,unlabeled,,,,
data/raw/images/IPC_2025-08-14.16.22.44.0210.jpg,unlabeled,,,,
data/raw/images/IPC_2025-08-14.16.22.47.7900.jpg,unlabeled,,,,
data/raw/images/IPC_2025-08-14.16.22.49.3420.jpg,unlabeled,,,,
data/raw/images/IPC_2025-08-14.16.22.51.6090.jpg,unlabeled,,,,
data/raw/images/IPC_2025-08-14.16.22.53.3500.jpg,unlabeled,,,,
data/raw/images/IPC_2025-08-14.16.22.58.0690.jpg,unlabeled,,,,
data/raw/images/IPC_2025-08-14.16.22.59.1140.jpg,unlabeled,,,,
data/raw/images/IPC_2025-08-14.16.23.00.6830.jpg,unlabeled,,,,
data/raw/images/IPC_2025-08-14.16.23.02.3650.jpg,unlabeled,,,,
data/raw/images/IPC_2025-08-14.16.23.03.7750.jpg,unlabeled,,,,
data/raw/images/IPC_2025-08-14.16.23.08.7180.jpg,unlabeled,,,,
data/raw/images/IPC_2025-08-14.16.23.10.4290.jpg,unlabeled,,,,
data/raw/images/IPC_2025-08-14.16.23.11.9880.jpg,unlabeled,,,,
data/raw/images/IPC_2025-08-14.16.23.13.5310.jpg,unlabeled,,,,
data/raw/images/IPC_2025-08-14.16.23.15.9530.jpg,unlabeled,,,,
data/raw/images/IPC_2025-08-14.16.23.17.0010.jpg,unlabeled,,,,
data/raw/images/IPC_2025-08-14.16.23.18.2790.jpg,unlabeled,,,,
data/raw/images/IPC_2025-08-14.16.23.20.1380.jpg,unlabeled,,,,
data/raw/images/IPC_2025-08-14.16.23.21.8490.jpg,unlabeled,,,,
data/raw/images/IPC_2025-08-14.16.23.22.8470.jpg,unlabeled,,,,
data/raw/images/IPC_2025-08-14.16.23.23.9820.jpg,unlabeled,,,,
data/raw/images/IPC_2025-08-14.16.23.25.0550.jpg,unlabeled,,,,
data/raw/images/IPC_2025-08-14.16.23.26.8560.jpg,unlabeled,,,,
data/raw/images/IPC_2025-08-14.16.23.27.8000.jpg,unlabeled,,,,
data/raw/images/IPC_2025-08-14.16.23.29.3110.jpg,unlabeled,,,,
data/raw/images/IPC_2025-08-14.16.23.30.5430.jpg,unlabeled,,,,
data/raw/images/IPC_2025-08-14.16.23.31.6610.jpg,unlabeled,,,,
data/raw/images/IPC_2025-08-14.16.23.33.2180.jpg,unlabeled,,,,
data/raw/images/IPC_2025-08-14.16.23.34.5920.jpg,unlabeled,,,,
data/raw/images/IPC_2025-08-14.16.23.35.4450.jpg,unlabeled,,,,
data/raw/images/IPC_2025-08-14.16.23.36.6260.jpg,unlabeled,,,,
data/raw/images/IPC_2025-08-14.16.23.38.3840.jpg,unlabeled,,,,
data/raw/images/IPC_2025-08-14.16.23.40.3430.jpg,unlabeled,,,,
data/raw/images/IPC_2025-08-14.16.23.41.9360.jpg,unlabeled,,,,
data/raw/images/IPC_2025-08-14.16.23.43.1890.jpg,unlabeled,,,,
data/raw/images/IPC_2025-08-14.16.23.45.8139.jpg,unlabeled,,,,
data/raw/images/IPC_2025-08-14.16.23.48.0790.jpg,unlabeled,,,,
data/raw/images/IPC_2025-08-14.16.23.49.3620.jpg,unlabeled,,,,
data/raw/images/IPC_2025-08-14.16.23.52.4110.jpg,unlabeled,,,,
data/raw/images/IPC_2025-08-14.16.23.53.7160.jpg,unlabeled,,,,
data/raw/images/IPC_2025-08-14.16.24.28.0140.jpg,unlabeled,,,,
data/raw/images/IPC_2025-08-14.16.24.29.4130.jpg,unlabeled,,,,
data/raw/images/IPC_2025-08-14.16.24.31.7540.jpg,unlabeled,,,,
data/raw/images/IPC_2025-08-14.16.24.33.6710.jpg,unlabeled,,,,
data/raw/images/IPC_2025-08-14.16.24.35.0330.jpg,unlabeled,,,,
data/raw/images/IPC_2025-08-14.16.24.37.1750.jpg,unlabeled,,,,
data/raw/images/IPC_2025-08-14.16.24.38.8060.jpg,unlabeled,,,,
data/raw/images/IPC_2025-08-14.16.24.39.9980.jpg,unlabeled,,,,
data/raw/images/IPC_2025-08-14.16.24.43.8840.jpg,unlabeled,,,,
data/raw/images/IPC_2025-08-14.16.24.45.2260.jpg,unlabeled,,,,
data/raw/images/IPUF5016.JPG,unlabeled,,,,
data/raw/images/IQNL4399.JPG,unlabeled,,,,
data/raw/images/IRMG0599.JPG,unlabeled,,,,
data/raw/images/ISOL9435.JPG,unlabeled,,,,
data/raw/images/ITUF6289.JPG,unlabeled,,,,
data/raw/images/IUIT5429.JPG,unlabeled,,,,
data/raw/images/IWQK3230.JPG,unlabeled,,,,
data/raw/images/IWXD2543.JPG,unlabeled,,,,
data/raw/images/IXIU4655.JPG,unlabeled,,,,
data/raw/images/IXWO4463.JPG,unlabeled,,,,
data/raw/images/JBJM1246.JPG,unlabeled,,,,
data/raw/images/JCNB5151.JPG,unlabeled,,,,
data/raw/images/JCTO9267.JPG,unlabeled,,,,
data/raw/images/JDLP6132.JPG,unlabeled,,,,
data/raw/images/JGKZ2830.JPG,unlabeled,,,,
data/raw/images/JHDP9097.JPG,unlabeled,,,,
data/raw/images/JHXV9270.JPG,unlabeled,,,,
data/raw/images/JLNP0601.JPG,unlabeled,,,,
data/raw/images/JLXE1560.JPG,unlabeled,,,,
data/raw/images/JOLZ3944.JPG,unlabeled,,,,
data/raw/images/JPMF7711.JPG,unlabeled,,,,
data/raw/images/JSFP4223.JPG,unlabeled,,,,
data/raw/images/JULF2919.JPG,unlabeled,,,,
data/raw/images/JUVF1022.JPG,unlabeled,,,,
data/raw/images/JVXC9905.JPG,unlabeled,,,,
data/raw/images/JXVT3655.JPG,unlabeled,,,,
data/raw/images/JXXD4363.JPG,unlabeled,,,,
data/raw/images/JYAK6129.JPG,unlabeled,,,,
data/raw/images/JZFS4346.JPG,unlabeled,,,,
data/raw/images/JZHN6618.JPG,unlabeled,,,,
data/raw/images/KBBA4614.JPG,unlabeled,,,,
data/raw/images/KBJR0179.JPG,unlabeled,,,,
data/raw/images/KDDP3162.JPG,unlabeled,,,,
data/raw/images/KDOY4466.JPG,unlabeled,,,,
data/raw/images/KEYI6868.JPG,unlabeled,,,,
data/raw/images/KFOL2557.JPG,unlabeled,,,,
data/raw/images/KIDC7134.JPG,unlabeled,,,,
data/raw/images/KIUW8458.JPG,unlabeled,,,,
data/raw/images/KIZK9123.JPG,unlabeled,,,,
data/raw/images/KKQU3400.JPG,unlabeled,,,,
data/raw/images/KKVY2274.JPG,unlabeled,,,,
data/raw/images/KMGD0780.JPG,unlabeled,,,,
data/raw/images/KNUA8319.JPG,unlabeled,,,,
data/raw/images/KOGG8413.JPG,unlabeled,,,,
data/raw/images/KOYZ7376.JPG,unlabeled,,,,
data/raw/images/KPEF3182.JPG,unlabeled,,,,
data/raw/images/KPQB6395.JPG,unlabeled,,,,
data/raw/images/KPQK2606.JPG,unlabeled,,,,
data/raw/images/KQCC1026.JPG,unlabeled,,,,
data/raw/images/KQDL6302.JPG,unlabeled,,,,
data/raw/images/KQJC8233.JPG,unlabeled,,,,
data/raw/images/KRCR9478.JPG,unlabeled,,,,
data/raw/images/KSHW6219.JPG,unlabeled,,,,
data/raw/images/KSZD8108.JPG,unlabeled,,,,
data/raw/images/KUSZ7857.JPG,unlabeled,,,,
data/raw/images/KWZC4281.JPG,unlabeled,,,,
data/raw/images/KZJB1476.JPG,unlabeled,,,,
data/raw/images/LANE5243.JPG,unlabeled,,,,
data/raw/images/LAUC7743.JPG,unlabeled,,,,
data/raw/images/LBFD7234.JPG,unlabeled,,,,
data/raw/images/LCTA3457.JPG,unlabeled,,,,
data/raw/images/LDAV5068.JPG,unlabeled,,,,
data/raw/images/LDHX7225.JPG,unlabeled,,,,
data/raw/images/LFAX3461.JPG,unlabeled,,,,
data/raw/images/LGVI5428.JPG,unlabeled,,,,
data/raw/images/LHWE4935.JPG,unlabeled,,,,
data/raw/images/LJEC7284.JPG,unlabeled,,,,
data/raw/images/LJMM6612.JPG,unlabeled,,,,
data/raw/images/LLGL9469.JPG,unlabeled,,,,
data/raw/images/LMIL5556.JPG,unlabeled,,,,
data/raw/images/LOFC1035.JPG,unlabeled,,,,
data/raw/images/LOHA9695.JPG,unlabeled,,,,
data/raw/images/LOTG0021.JPG,unlabeled,,,,
data/raw/images/LOTQ6009.JPG,unlabeled,,,,
data/raw/images/LOXT5599.JPG,unlabeled,,,,
data/raw/images/LQSO8248.JPG,unlabeled,,,,
data/raw/images/LSDI6240.JPG,unlabeled,,,,
data/raw/images/LTWM4364.JPG,unlabeled,,,,
data/raw/images/LUUX3693.JPG,unlabeled,,,,
data/raw/images/LWMD7954.JPG,unlabeled,,,,
data/raw/images/LWNW0744.JPG,unlabeled,,,,
data/raw/images/LXIQ6005.JPG,unlabeled,,,,
data/raw/images/LYOX6976.JPG,unlabeled,,,,
data/raw/images/LYYT6048.JPG,unlabeled,,,,
data/raw/images/MAQI7106.JPG,unlabeled,,,,
data/raw/images/MBZG3179.JPG,unlabeled,,,,
data/raw/images/MDET8381.JPG,unlabeled,,,,
data/raw/images/MELO8247.JPG,unlabeled,,,,
data/raw/images/MEUD9737.JPG,unlabeled,,,,
data/raw/images/MFDO0134.JPG,unlabeled,,,,
data/raw/images/MHDF3416.JPG,unlabeled,,,,
data/raw/images/MJUN7223.JPG,unlabeled,,,,
data/raw/images/MLZU6724.JPG,unlabeled,,,,
data/raw/images/MNHU4044.JPG,unlabeled,,,,
data/raw/images/MRRR0130.JPG,unlabeled,,,,
data/raw/images/MSRK3387.JPG,unlabeled,,,,
data/raw/images/MTAV1611.JPG,unlabeled,,,,
data/raw/images/MWNU8425.JPG,unlabeled,,,,
data/raw/images/MXEL1189.JPG,unlabeled,,,,
data/raw/images/MXMU2041.JPG,unlabeled,,,,
data/raw/images/MXYR1341.JPG,unlabeled,,,,
data/raw/images/MZIN2301.JPG,unlabeled,,,,
data/raw/images/MZJW0000.JPG,unlabeled,,,,
data/raw/images/MZTD5467.JPG,unlabeled,,,,
data/raw/images/NAKU9604.JPG,unlabeled,,,,
data/raw/images/NASD5621.JPG,unlabeled,,,,
data/raw/images/NEFJ0885.JPG,unlabeled,,,,
data/raw/images/NHTV4882.JPG,unlabeled,,,,
data/raw/images/NILD3970.JPG,unlabeled,,,,
data/raw/images/NKSP4515.JPG,unlabeled,,,,
data/raw/images/NMFG3857.JPG,unlabeled,,,,
data/raw/images/NNAG9492.JPG,unlabeled,,,,
data/raw/images/NPGE7266.JPG,unlabeled,,,,
data/raw/images/NQOT4021.JPG,unlabeled,,,,
data/raw/images/NRJU1655.JPG,unlabeled,,,,
data/raw/images/NUKT4017.JPG,unlabeled,,,,
data/raw/images/NVFK1094.JPG,unlabeled,,,,
data/raw/images/NVUC1361.JPG,unlabeled,,,,
data/raw/images/NYEC9198.JPG,unlabeled,,,,
data/raw/images/NZDU5445.JPG,unlabeled,,,,
data/raw/images/OCWE8750.JPG,unlabeled,,,,
data/raw/images/ODTY0945.JPG,unlabeled,,,,
data/raw/images/OEES5890.JPG,unlabeled,,,,
data/raw/images/OEMU0614.JPG,unlabeled,,,,
data/raw/images/OFAG0266.JPG,unlabeled,,,,
data/raw/images/OGHU3274.JPG,unlabeled,,,,
data/raw/images/OGNE2072.JPG,unlabeled,,,,
data/raw/images/OGTI3783.JPG,unlabeled,,,,
data/raw/images/OHIM8102.JPG,unlabeled,,,,
data/raw/images/OHZA8792.JPG,unlabeled,,,,
data/raw/images/OIEL0898.JPG,unlabeled,,,,
data/raw/images/OIQE8445.JPG,unlabeled,,,,
data/raw/images/OJDF0898.JPG,unlabeled,,,,
data/raw/images/OKNU9627.JPG,unlabeled,,,,
data/raw/images/ONFV6886.JPG,unlabeled,,,,
data/raw/images/ONWD2879.JPG,unlabeled,,,,
data/raw/images/OOCZ7741.JPG,unlabeled,,,,
data/raw/images/OPOZ1673.JPG,unlabeled,,,,
data/raw/images/OQVC2682.JPG,unlabeled,,,,
data/raw/images/OSJU8849.JPG,unlabeled,,,,
data/raw/images/OVHU9907.JPG,unlabeled,,,,
data/raw/images/OXEF3770.JPG,unlabeled,,,,
data/raw/images/OXRK4376.JPG,unlabeled,,,,
data/raw/images/OXSD8334.JPG,unlabeled,,,,
data/raw/images/OYJU9897.JPG,unlabeled,,,,
data/raw/images/OYXS5479.JPG,unlabeled,,,,
data/raw/images/PALM7056.JPG,unlabeled,,,,
data/raw/images/PDTH1387.JPG,unlabeled,,,,
data/raw/images/PDZC1587.JPG,unlabeled,,,,
data/raw/images/PFPJ0450.JPG,unlabeled,,,,
data/raw/images/PGIH2304.JPG,unlabeled,,,,
data/raw/images/PGLZ1030.JPG,unlabeled,,,,
data/raw/images/PHXX2997.JPG,unlabeled,,,,
data/raw/images/PKBW0405.JPG,unlabeled,,,,
data/raw/images/PLET1254.JPG,unlabeled,,,,
data/raw/images/PLUO7818.JPG,unlabeled,,,,
data/raw/images/PNIG0613.JPG,unlabeled,,,,
data/raw/images/POMY6593.JPG,unlabeled,,,,
data/raw/images/PPNG4514.JPG,unlabeled,,,,
data/raw/images/PQSM5479.JPG,unlabeled,,,,
data/raw/images/PRHK3395.JPG,unlabeled,,,,
data/raw/images/PSPZ0782.JPG,unlabeled,,,,
data/raw/images/PUUH0652.JPG,unlabeled,,,,
data/raw/images/PZBH9940.JPG,unlabeled,,,,
data/raw/images/PZHY0415.JPG,unlabeled,,,,
data/raw/images/QEBN0766.JPG,unlabeled,,,,
data/raw/images/QGCZ9699.JPG,unlabeled,,,,
data/raw/images/QHEK5220.JPG,unlabeled,,,,
data/raw/images/QIJP6555.JPG,unlabeled,,,,
data/raw/images/QKBJ6121.JPG,unlabeled,,,,
data/raw/images/QLNV6482.JPG,unlabeled,,,,
data/raw/images/QMFC3050.JPG,unlabeled,,,,
data/raw/images/QMVQ0283.JPG,unlabeled,,,,
data/raw/images/QPWH9502.JPG,unlabeled,,,,
data/raw/images/QRBO1803.JPG,unlabeled,,,,
data/raw/images/QRFF5555.JPG,unlabeled,,,,
data/raw/images/QRHW1054.JPG,unlabeled,,,,
data/raw/images/QTCC9020.JPG,unlabeled,,,,
data/raw/images/QXHV0986.JPG,unlabeled,,,,
data/raw/images/QZQM9668.JPG,unlabeled,,,,
data/raw/images/QZZW4703.JPG,unlabeled,,,,
data/raw/images/RAFV7409.JPG,unlabeled,,,,
data/raw/images/RBXW3248.JPG,unlabeled,,,,
data/raw/images/RCHI8367.JPG,unlabeled,,,,
data/raw/images/RDJI2911.JPG,unlabeled,,,,
data/raw/images/REDM2657.JPG,unlabeled,,,,
data/raw/images/REHH9922.JPG,unlabeled,,,,
data/raw/images/REKS5671.JPG,unlabeled,,,,
data/raw/images/RLFD8792.JPG,unlabeled,,,,
data/raw/images/RLPP1097.JPG,unlabeled,,,,
data/raw/images/RMBV9991.JPG,unlabeled,,,,
data/raw/images/RMSZ4462.JPG,unlabeled,,,,
data/raw/images/ROQG8593.JPG,unlabeled,,,,
data/raw/images/RPJR1659.JPG,unlabeled,,,,
data/raw/images/RQYX6848.JPG,unlabeled,,,,
data/raw/images/RSRB9192.JPG,unlabeled,,,,
data/raw/images/RWIE7345.JPG,unlabeled,,,,
data/raw/images/RXQS6533.JPG,unlabeled,,,,
data/raw/images/RYKP7231.JPG,unlabeled,,,,
data/raw/images/RYLW7347.JPG,unlabeled,,,,
data/raw/images/SAXC8347.JPG,unlabeled,,,,
data/raw/images/SBDN9099.JPG,unlabeled,,,,
data/raw/images/SBFT9689.JPG,unlabeled,,,,
data/raw/images/SEPE8165.JPG,unlabeled,,,,
data/raw/images/SHUJ5152.JPG,unlabeled,,,,
data/raw/images/SJCL4302.JPG,unlabeled,,,,
data/raw/images/SJPO1542.JPG,unlabeled,,,,
data/raw/images/SJQU0991.JPG,unlabeled,,,,
data/raw/images/SLBD1774.JPG,unlabeled,,,,
data/raw/images/SMAN6714.JPG,unlabeled,,,,
data/raw/images/SMOK8619.JPG,unlabeled,,,,
data/raw/images/SNNH9692.JPG,unlabeled,,,,
data/raw/images/SNSB3370.JPG,unlabeled,,,,
data/raw/images/SNZM7759.JPG,unlabeled,,,,
data/raw/images/SPKK9738.JPG,unlabeled,,,,
data/raw/images/SPPO1150.JPG,unlabeled,,,,
data/raw/images/SRBV9144.JPG,unlabeled,,,,
data/raw/images/SRSD0190.JPG,unlabeled,,,,
data/raw/images/SSEV1462.JPG,unlabeled,,,,
data/raw/images/SSNZ6038.JPG,unlabeled,,,,
data/raw/images/STVF0439.JPG,unlabeled,,,,
data/raw/images/SUAN6051.JPG,unlabeled,,,,
data/raw/images/SVKO0776.JPG,unlabeled,,,,
data/raw/images/SXSW8868.JPG,unlabeled,,,,
data/raw/images/SXXY5468.JPG,unlabeled,,,,
data/raw/images/SYYS9081.JPG,unlabeled,,,,
data/raw/images/SZFO2783.JPG,unlabeled,,,,
data/raw/images/TABN8385.JPG,unlabeled,,,,
data/raw/images/TCWP8846.JPG,unlabeled,,,,
data/raw/images/TDDC1932.JPG,unlabeled,,,,
data/raw/images/TFUS2948.JPG,unlabeled,,,,
data/raw/images/THLH0036.JPG,unlabeled,,,,
data/raw/images/THOM7854.JPG,unlabeled,,,,
data/raw/images/TJQA2189.JPG,unlabeled,,,,
data/raw/images/TKDI2917.JPG,unlabeled,,,,
data/raw/images/TKGL9789.JPG,unlabeled,,,,
data/raw/images/TKUJ9510.JPG,unlabeled,,,,
data/raw/images/TKYT5044.JPG,unlabeled,,,,
data/raw/images/TMBL4985.JPG,unlabeled,,,,
data/raw/images/TMTX8432.JPG,unlabeled,,,,
data/raw/images/TQJK2796.JPG,unlabeled,,,,
data/raw/images/TTGB8783.JPG,unlabeled,,,,
data/raw/images/TTJP6051.JPG,unlabeled,,,,
data/raw/images/TZME6085.JPG,unlabeled,,,,
data/raw/images/TZUZ9041.JPG,unlabeled,,,,
data/raw/images/UAXZ5973.JPG,unlabeled,,,,
data/raw/images/UDCI2772.JPG,unlabeled,,,,
data/raw/images/UFNQ1409.JPG,unlabeled,,,,
data/raw/images/UFPA4521.JPG,unlabeled,,,,
data/raw/images/UGUL0521.JPG,unlabeled,,,,
data/raw/images/UJGT3781.JPG,unlabeled,,,,
data/raw/images/UNWS0163.JPG,unlabeled,,,,
data/raw/images/UOXB8635.JPG,unlabeled,,,,
data/raw/images/UQNV9380.JPG,unlabeled,,,,
data/raw/images/USMA0353.JPG,unlabeled,,,,
data/raw/images/UVBK4644.JPG,unlabeled,,,,
data/raw/images/UWFN5170.JPG,unlabeled,,,,
data/raw/images/UXFB7476.JPG,unlabeled,,,,
data/raw/images/UXLD3595.JPG,unlabeled,,,,
data/raw/images/UYHD0903.JPG,unlabeled,,,,
data/raw/images/UYLX6485.JPG,unlabeled,,,,
data/raw/images/UZIF5257.JPG,unlabeled,,,,
data/raw/images/VAMT6540.JPG,unlabeled,,,,
data/raw/images/VART5274.JPG,unlabeled,,,,
data/raw/images/VBJC8610.JPG,unlabeled,,,,
data/raw/images/VDBF8920.JPG,unlabeled,,,,
data/raw/images/VEQS6890.JPG,unlabeled,,,,
data/raw/images/VFCH5927.JPG,unlabeled,,,,
data/raw/images/VFIS5484.JPG,unlabeled,,,,
data/raw/images/VJMX2187.JPG,unlabeled,,,,
data/raw/images/VKNS6860.JPG,unlabeled,,,,
data/raw/images/VKZN6400.JPG,unlabeled,,,,
data/raw/images/VLIQ3722.JPG,unlabeled,,,,
data/raw/images/VLLQ8500.JPG,unlabeled,,,,
data/raw/images/VLMZ6763.JPG,unlabeled,,,,
data/raw/images/VLQF0455.JPG,unlabeled,,,,
data/raw/images/VPQN4636.JPG,unlabeled,,,,
data/raw/images/VPRG3933.JPG,unlabeled,,,,
data/raw/images/VRJE8362.JPG,unlabeled,,,,
data/raw/images/VRYB1724.JPG,unlabeled,,,,
data/raw/images/VSRF1808.JPG,unlabeled,,,,
data/raw/images/VSYF6138.JPG,unlabeled,,,,
data/raw/images/VTGD9497.JPG,unlabeled,,,,
data/raw/images/VTXW0341.JPG,unlabeled,,,,
data/raw/images/VYZI8602.JPG,unlabeled,,,,
data/raw/images/VZNR1725.JPG,unlabeled,,,,
data/raw/images/WDBI6879.JPG,unlabeled,,,,
data/raw/images/WEFH3974.JPG,unlabeled,,,,
data/raw/images/WENR2537.JPG,unlabeled,,,,
data/raw/images/WFTI2306.JPG,unlabeled,,,,
data/raw/images/WGLA4326.JPG,unlabeled,,,,
data/raw/images/WHUE5479.JPG,unlabeled,,,,
data/raw/images/WICB2094.JPG,unlabeled,,,,
data/raw/images/WIWG5144.JPG,unlabeled,,,,
data/raw/images/WJIW8813.JPG,unlabeled,,,,
data/raw/images/WJXY0679.JPG,unlabeled,,,,
data/raw/images/WLFV6526.JPG,unlabeled,,,,
data/raw/images/WLSH7662.JPG,unlabeled,,,,
data/raw/images/WMTP3702.JPG,unlabeled,,,,
data/raw/images/WPNZ0494.JPG,unlabeled,,,,
data/raw/images/WQMK7187.JPG,unlabeled,,,,
data/raw/images/WTCE9629.JPG,unlabeled,,,,
data/raw/images/WUAP8371.JPG,unlabeled,,,,
data/raw/images/WUTC7271.JPG,unlabeled,,,,
data/raw/images/WWVW3418.JPG,unlabeled,,,,
data/raw/images/WXVT7146.JPG,unlabeled,,,,
data/raw/images/WXZY0286.JPG,unlabeled,,,,
data/raw/images/WYGT2734.JPG,unlabeled,,,,
data/raw/images/WZTE0281.JPG,unlabeled,,,,
data/raw/images/XAKB0266.JPG,unlabeled,,,,
data/raw/images/XBFQ5191.JPG,unlabeled,,,,
data/raw/images/XDYZ4683.JPG,unlabeled,,,,
data/raw/images/XFEW9123.JPG,unlabeled,,,,
data/raw/images/XIJW3927.JPG,unlabeled,,,,
data/raw/images/XISF7476.JPG,unlabeled,,,,
data/raw/images/XLKD1788.JPG,unlabeled,,,,
data/raw/images/XNNI6115.JPG,unlabeled,,,,
data/raw/images/XQCE4448.JPG,unlabeled,,,,
data/raw/images/XQFP6496.JPG,unlabeled,,,,
data/raw/images/XQGR5381.JPG,unlabeled,,,,
data/raw/images/XQMP3966.JPG,unlabeled,,,,
data/raw/images/XRMS6679.JPG,unlabeled,,,,
data/raw/images/XRRS7975.JPG,unlabeled,,,,
data/raw/images/XRYV8778.JPG,unlabeled,,,,
data/raw/images/XSHP3072.JPG,unlabeled,,,,
data/raw/images/XTCY8548.JPG,unlabeled,,,,
data/raw/images/XWAV3054.JPG,unlabeled,,,,
data/raw/images/XXLG4275.JPG,unlabeled,,,,
data/raw/images/XYLQ6056.JPG,unlabeled,,,,
data/raw/images/XYON4379.JPG,unlabeled,,,,
data/raw/images/XZIT8336.JPG,unlabeled,,,,
data/raw/images/XZOJ7374.JPG,unlabeled,,,,
data/raw/images/YAPJ8184.JPG,unlabeled,,,,
data/raw/images/YBGO6446.JPG,unlabeled,,,,
data/raw/images/YCMN9047.JPG,unlabeled,,,,
data/raw/images/YCOV5712.JPG,unlabeled,,,,
data/raw/images/YDKQ4114.JPG,unlabeled,,,,
data/raw/images/YESE4199.JPG,unlabeled,,,,
data/raw/images/YFUO5262.JPG,unlabeled,,,,
data/raw/images/YKLY6208.JPG,unlabeled,,,,
data/raw/images/YKMP2665.JPG,unlabeled,,,,
